-- phpMyAdmin SQL Dump
-- version 5.2.0
-- https://www.phpmyadmin.net/
--
-- Host: 127.0.0.1
-- Generation Time: Oct 29, 2022 at 04:05 PM
-- Server version: 10.4.24-MariaDB
-- PHP Version: 8.1.6

SET SQL_MODE = "NO_AUTO_VALUE_ON_ZERO";
START TRANSACTION;
SET time_zone = "+00:00";


/*!40101 SET @OLD_CHARACTER_SET_CLIENT=@@CHARACTER_SET_CLIENT */;
/*!40101 SET @OLD_CHARACTER_SET_RESULTS=@@CHARACTER_SET_RESULTS */;
/*!40101 SET @OLD_COLLATION_CONNECTION=@@COLLATION_CONNECTION */;
/*!40101 SET NAMES utf8mb4 */;

--
-- Database: `payroll`
--

-- --------------------------------------------------------

--
-- Table structure for table `allowances`
--

CREATE TABLE `allowances` (
  `alw_id` int(11) NOT NULL,
  `allowance` int(11) NOT NULL,
  `emp_id` int(11) DEFAULT NULL
) ENGINE=InnoDB DEFAULT CHARSET=latin1;

--
-- Dumping data for table `allowances`
--

INSERT INTO `allowances` (`alw_id`, `allowance`, `emp_id`) VALUES
(1, 10000, 1),
(2, 1500, 2),
(3, 0, 3),
(4, 767, 4),
(5, 1000, 5),
(6, 0, 6),
(7, 0, 7),
(8, 0, NULL),
(9, 1500, 9),
(10, 0, NULL),
(11, 0, 11),
(12, 0, 12),
(13, 0, 13),
(14, 0, 14),
(15, 0, 15),
(16, 0, 16),
(17, 0, NULL),
(18, 0, 18),
(19, 0, 19),
(20, 0, 20),
(21, 0, NULL),
(22, 0, NULL),
(23, 0, NULL),
(24, 0, NULL),
(25, 0, 25);

-- --------------------------------------------------------

--
-- Table structure for table `announcements`
--

CREATE TABLE `announcements` (
  `announce_id` int(11) NOT NULL,
  `announce_msg` varchar(1500) NOT NULL,
  `dateposted` date NOT NULL,
  `timeposted` time NOT NULL
) ENGINE=InnoDB DEFAULT CHARSET=latin1;

--
-- Dumping data for table `announcements`
--

INSERT INTO `announcements` (`announce_id`, `announce_msg`, `dateposted`, `timeposted`) VALUES
(1, 'Aslamo Alekum,\r\nThis is to notify all the departments and employees to have EID-UL-AZHA holidays w.e.f 21-07-2021.\r\nBest Wishes,\r\nCEO Carbon Company\r\nDated: 20-07-2021.', '2021-07-20', '07:42:02'),
(2, 'Aslamo Alekum, \r\nAll the employees will get 25% bonus in their salaries for the month July, 2021. So, all the employees must work properly and happily. We will be contributing in your joys.\r\nBest Wishes,\r\nCEO Carbon Company.', '2021-07-20', '07:55:53'),
(3, 'Aslamo Alekum,\r\nAll the employees can withdraw their salaries today in advance. We will always be contributing in your joys.\r\nGood Luck,\r\nCEO Carbon Company\r\n', '2021-07-20', '08:10:34'),
(4, 'gg', '2022-10-29', '06:34:22');

-- --------------------------------------------------------

--
-- Table structure for table `attendance`
--

CREATE TABLE `attendance` (
  `attend_id` int(11) NOT NULL,
  `attend_date` date NOT NULL,
  `attend_time` time NOT NULL,
  `emp_id` int(11) DEFAULT NULL
) ENGINE=InnoDB DEFAULT CHARSET=latin1;

--
-- Dumping data for table `attendance`
--

INSERT INTO `attendance` (`attend_id`, `attend_date`, `attend_time`, `emp_id`) VALUES
(1, '2021-07-01', '01:13:15', 1),
(2, '2021-07-01', '01:14:01', 2),
(3, '2021-07-01', '01:14:01', 3),
(4, '2021-07-01', '01:13:15', 4),
(5, '2021-07-01', '01:14:01', 5),
(6, '2021-07-01', '01:14:01', 6),
(7, '2021-07-01', '01:13:15', 7),
(8, '2021-07-01', '01:14:01', 9),
(9, '2021-07-01', '01:14:01', 11),
(10, '2021-07-01', '01:13:15', 12),
(13, '2021-07-01', '01:13:15', 13),
(14, '2021-07-01', '01:14:01', 14),
(15, '2021-07-01', '01:14:01', 15),
(16, '2021-07-01', '01:13:15', 16),
(17, '2021-07-01', '01:14:01', NULL),
(18, '2021-07-01', '01:14:01', 18),
(19, '2021-07-02', '01:13:15', 1),
(20, '2021-07-02', '01:14:01', 2),
(21, '2021-07-02', '01:14:01', 3),
(22, '2021-07-02', '01:13:15', 4),
(23, '2021-07-02', '01:14:01', 5),
(24, '2021-07-02', '01:14:01', 6),
(25, '2021-07-02', '01:13:15', 7),
(26, '2021-07-02', '01:14:01', 9),
(27, '2021-07-02', '01:14:01', 11),
(28, '2021-07-02', '01:13:15', 12),
(29, '2021-07-02', '01:14:01', 13),
(32, '2021-07-02', '01:14:01', 14),
(33, '2021-07-02', '01:14:01', 15),
(34, '2021-07-02', '01:13:15', 16),
(35, '2021-07-02', '01:14:01', NULL),
(36, '2021-07-02', '01:14:01', 18),
(37, '2021-07-03', '01:13:15', 1),
(38, '2021-07-03', '01:14:01', 15),
(39, '2021-07-03', '01:14:01', 3),
(40, '2021-07-03', '01:13:15', 4),
(41, '2021-07-03', '01:14:01', 18),
(42, '2021-07-03', '01:14:01', 6),
(43, '2021-07-03', '01:13:15', 7),
(44, '2021-07-03', '01:14:01', 9),
(45, '2021-07-03', '01:14:01', 11),
(46, '2021-07-03', '01:13:15', NULL),
(47, '2021-07-03', '01:14:01', 13),
(49, '2021-07-05', '01:13:15', 1),
(50, '2021-07-05', '01:14:01', 3),
(51, '2021-07-05', '01:13:15', 4),
(52, '2021-07-05', '01:14:01', 6),
(53, '2021-07-05', '01:13:15', 7),
(54, '2021-07-05', '01:14:01', 9),
(55, '2021-07-05', '01:14:01', 11),
(56, '2021-07-05', '01:14:01', 13),
(59, '2021-07-05', '01:14:01', 14),
(60, '2021-07-05', '01:14:01', 15),
(61, '2021-07-06', '01:13:15', 1),
(62, '2021-07-06', '01:14:01', 2),
(63, '2021-07-06', '01:14:01', 3),
(64, '2021-07-06', '01:13:15', 4),
(65, '2021-07-06', '01:14:01', 5),
(66, '2021-07-06', '01:14:01', 6),
(67, '2021-07-06', '01:13:15', 7),
(68, '2021-07-06', '01:14:01', 9),
(69, '2021-07-06', '01:14:01', 11),
(70, '2021-07-06', '01:13:15', 12),
(71, '2021-07-06', '01:13:15', 13),
(72, '2021-07-06', '01:14:01', 14),
(73, '2021-07-06', '01:14:01', 15),
(74, '2021-07-06', '01:13:15', 16),
(75, '2021-07-06', '01:14:01', NULL),
(76, '2021-07-06', '01:14:01', 18),
(77, '2021-07-07', '01:13:15', 1),
(78, '2021-07-07', '01:14:01', 2),
(79, '2021-07-07', '01:14:01', 3),
(80, '2021-07-07', '01:13:15', 4),
(81, '2021-07-07', '01:14:01', 5),
(82, '2021-07-07', '01:14:01', 6),
(83, '2021-07-07', '01:13:15', 7),
(84, '2021-07-07', '01:14:01', 9),
(85, '2021-07-07', '01:14:01', 11),
(86, '2021-07-07', '01:13:15', 12),
(87, '2021-07-07', '01:13:15', 13),
(88, '2021-07-07', '01:14:01', 14),
(89, '2021-07-07', '01:14:01', 15),
(90, '2021-07-07', '01:13:15', 16),
(91, '2021-07-07', '01:14:01', NULL),
(92, '2021-07-07', '01:14:01', 18),
(93, '2021-07-08', '01:13:15', 1),
(94, '2021-07-08', '01:14:01', 2),
(95, '2021-07-08', '01:14:01', 3),
(96, '2021-07-08', '01:13:15', 4),
(97, '2021-07-08', '01:14:01', 5),
(98, '2021-07-08', '01:14:01', 6),
(99, '2021-07-08', '01:13:15', 7),
(100, '2021-07-08', '01:14:01', 9),
(101, '2021-07-08', '01:14:01', 11),
(102, '2021-07-08', '01:13:15', 12),
(103, '2021-07-08', '01:13:15', 13),
(104, '2021-07-08', '01:14:01', 14),
(105, '2021-07-08', '01:14:01', 15),
(106, '2021-07-08', '01:13:15', 16),
(107, '2021-07-08', '01:14:01', NULL),
(108, '2021-07-08', '01:14:01', 18),
(109, '2021-07-09', '01:13:15', 1),
(110, '2021-07-09', '01:14:01', 2),
(111, '2021-07-09', '01:14:01', 3),
(112, '2021-07-09', '01:13:15', 4),
(113, '2021-07-09', '01:14:01', 5),
(114, '2021-07-09', '01:14:01', 6),
(115, '2021-07-09', '01:13:15', 7),
(116, '2021-07-09', '01:14:01', 9),
(117, '2021-07-09', '01:14:01', 11),
(118, '2021-07-09', '01:13:15', 12),
(119, '2021-07-09', '01:14:01', 13),
(121, '2021-07-09', '01:14:01', 14),
(122, '2021-07-09', '01:14:01', 15),
(123, '2021-07-09', '01:13:15', 16),
(124, '2021-07-09', '01:14:01', NULL),
(125, '2021-07-09', '01:14:01', 18),
(126, '2021-07-10', '01:13:15', 1),
(127, '2021-07-10', '01:14:01', 15),
(128, '2021-07-10', '01:14:01', 3),
(129, '2021-07-10', '01:13:15', 4),
(130, '2021-07-10', '01:14:01', 18),
(131, '2021-07-10', '01:14:01', 6),
(132, '2021-07-10', '01:13:15', 7),
(133, '2021-07-10', '01:14:01', 9),
(134, '2021-07-10', '01:14:01', 11),
(135, '2021-07-10', '01:13:15', NULL),
(136, '2021-07-10', '01:14:01', 13),
(137, '2021-07-12', '01:13:15', 1),
(138, '2021-07-12', '01:14:01', 2),
(139, '2021-07-12', '01:14:01', 3),
(140, '2021-07-12', '01:13:15', 4),
(141, '2021-07-12', '01:14:01', 5),
(142, '2021-07-12', '01:14:01', 6),
(143, '2021-07-12', '01:14:01', 9),
(144, '2021-07-12', '01:14:01', 11),
(145, '2021-07-12', '01:13:15', 12),
(146, '2021-07-12', '01:13:15', 13),
(147, '2021-07-12', '01:14:01', 14),
(148, '2021-07-12', '01:14:01', 15),
(149, '2021-07-12', '01:13:15', 16),
(150, '2021-07-12', '01:14:01', NULL),
(151, '2021-07-12', '01:14:01', 18),
(152, '2021-07-13', '01:14:01', 2),
(153, '2021-07-13', '01:14:01', 3),
(154, '2021-07-13', '01:13:15', 4),
(155, '2021-07-13', '01:14:01', 5),
(156, '2021-07-13', '01:14:01', 6),
(157, '2021-07-13', '01:14:01', 9),
(158, '2021-07-13', '01:14:01', 11),
(159, '2021-07-13', '01:13:15', 12),
(160, '2021-07-13', '01:13:15', 13),
(161, '2021-07-13', '01:14:01', 14),
(162, '2021-07-13', '01:14:01', 15),
(163, '2021-07-13', '01:13:15', 16),
(164, '2021-07-13', '01:14:01', NULL),
(165, '2021-07-13', '01:14:01', 18),
(166, '2021-07-14', '01:14:01', 2),
(167, '2021-07-14', '01:14:01', 3),
(168, '2021-07-14', '01:14:15', 4),
(169, '2021-07-14', '01:14:01', 5),
(170, '2021-07-14', '01:14:01', 6),
(171, '2021-07-14', '01:14:01', 9),
(172, '2021-07-14', '01:14:01', 11),
(173, '2021-07-14', '01:14:15', 12),
(174, '2021-07-14', '01:14:15', 13),
(175, '2021-07-14', '01:14:01', 14),
(176, '2021-07-14', '01:14:01', 15),
(177, '2021-07-14', '01:14:15', 16),
(178, '2021-07-14', '01:14:01', NULL),
(179, '2021-07-14', '01:14:01', 18),
(180, '2021-07-15', '01:15:01', 1),
(181, '2021-07-15', '01:15:01', 2),
(182, '2021-07-15', '01:15:01', 3),
(183, '2021-07-15', '01:15:15', 4),
(184, '2021-07-15', '01:15:01', 5),
(185, '2021-07-15', '01:15:01', 6),
(186, '2021-07-15', '01:15:01', 9),
(187, '2021-07-15', '01:15:01', 11),
(188, '2021-07-15', '01:15:15', 12),
(189, '2021-07-15', '01:15:15', 13),
(190, '2021-07-15', '01:15:01', 14),
(191, '2021-07-15', '01:15:01', 15),
(192, '2021-07-15', '01:15:15', 16),
(193, '2021-07-15', '01:15:01', NULL),
(194, '2021-07-15', '01:15:01', 18),
(195, '2021-07-16', '01:16:01', 1),
(196, '2021-07-16', '01:16:01', 2),
(197, '2021-07-16', '01:16:01', 3),
(198, '2021-07-16', '01:16:16', 4),
(199, '2021-07-16', '01:16:01', 5),
(200, '2021-07-16', '01:16:01', 6),
(201, '2021-07-16', '01:16:01', 9),
(202, '2021-07-16', '01:16:01', 11),
(203, '2021-07-16', '01:16:16', 12),
(204, '2021-07-16', '01:16:16', 13),
(205, '2021-07-16', '01:16:01', 16),
(206, '2021-07-16', '01:16:01', 16),
(207, '2021-07-16', '01:16:16', 16),
(208, '2021-07-16', '01:16:01', NULL),
(209, '2021-07-16', '01:16:01', 18),
(210, '2021-07-17', '01:13:15', 1),
(211, '2021-07-17', '01:14:01', 2),
(212, '2021-07-17', '01:14:01', 3),
(213, '2021-07-17', '01:13:15', 4),
(214, '2021-07-17', '01:14:01', 5),
(215, '2021-07-17', '01:14:01', 6),
(216, '2021-07-17', '01:13:15', 7),
(217, '2021-07-17', '01:14:01', 9),
(218, '2021-07-17', '01:14:01', 11),
(219, '2021-07-17', '01:13:15', 12),
(220, '2021-07-17', '01:13:15', 13),
(221, '2021-07-17', '01:14:01', 14),
(222, '2021-07-17', '01:14:01', 15),
(223, '2021-07-17', '01:13:15', 16),
(224, '2021-07-17', '01:14:01', NULL),
(225, '2021-07-17', '01:14:01', 18),
(226, '2021-07-19', '01:13:15', 1),
(227, '2021-07-19', '01:14:01', 2),
(228, '2021-07-19', '01:14:01', 3),
(229, '2021-07-19', '01:13:15', 4),
(230, '2021-07-19', '01:14:01', 5),
(231, '2021-07-19', '01:14:01', 6),
(232, '2021-07-19', '01:13:15', 7),
(233, '2021-07-19', '01:14:01', 9),
(234, '2021-07-19', '01:14:01', 11),
(235, '2021-07-19', '01:13:15', 12),
(236, '2021-07-19', '01:13:15', 13),
(237, '2021-07-19', '01:14:01', 14),
(238, '2021-07-19', '01:14:01', 15),
(239, '2021-07-19', '01:13:15', 16),
(240, '2021-07-19', '01:14:01', NULL),
(241, '2021-07-19', '01:14:01', 18),
(258, '2021-07-20', '01:13:15', 1),
(259, '2021-07-20', '01:14:01', 2),
(260, '2021-07-20', '01:14:01', 3),
(261, '2021-07-20', '01:13:15', 4),
(262, '2021-07-20', '01:14:01', 5),
(263, '2021-07-20', '01:14:01', 6),
(264, '2021-07-20', '01:13:15', 7),
(265, '2021-07-20', '01:14:01', 9),
(266, '2021-07-20', '01:14:01', 11),
(267, '2021-07-20', '01:13:15', 12),
(268, '2021-07-20', '01:13:15', 13),
(269, '2021-07-20', '01:14:01', 14),
(270, '2021-07-20', '01:14:01', 15),
(271, '2021-07-20', '01:13:15', 16),
(272, '2021-07-20', '01:14:01', NULL),
(273, '2021-07-20', '01:14:01', 18),
(274, '2021-07-22', '05:13:09', 5),
(275, '2021-07-22', '05:13:47', 1),
(276, '2021-07-22', '05:16:33', 2),
(277, '2021-07-22', '05:17:14', 3),
(278, '2021-07-22', '05:17:53', 4),
(279, '2021-07-22', '05:18:17', 6),
(280, '2021-07-22', '05:21:03', 7),
(281, '2021-07-22', '05:28:40', 9),
(282, '2021-07-22', '05:29:16', 18),
(283, '2021-07-22', '08:24:11', NULL),
(284, '2021-07-23', '08:13:38', 1),
(285, '2021-07-23', '08:46:49', 2),
(286, '2021-07-23', '09:42:23', 4),
(287, '2021-07-23', '10:02:39', NULL),
(288, '2021-07-23', '10:07:17', 18),
(289, '2021-07-23', '10:09:28', 12),
(290, '2021-07-23', '10:10:47', 7),
(291, '2021-07-23', '10:11:53', 15),
(292, '2021-07-23', '10:13:35', 11),
(293, '2021-07-23', '10:14:39', 6),
(294, '2021-07-23', '10:21:56', 19),
(295, '2021-07-23', '10:26:16', 20),
(296, '2021-07-24', '08:57:10', 2),
(297, '2021-07-24', '09:00:18', 5),
(298, '2021-07-24', '09:01:32', 20),
(299, '2021-07-24', '09:09:05', 14),
(300, '2021-07-24', '09:09:41', 7),
(301, '2021-07-24', '09:10:22', 9),
(302, '2021-07-24', '09:11:58', 11),
(303, '2021-07-24', '09:32:11', 12),
(304, '2021-07-24', '01:47:01', 15),
(305, '2021-07-24', '01:48:20', 18),
(306, '2021-07-24', '01:53:24', 3),
(307, '2021-07-24', '02:55:06', NULL),
(308, '2021-07-24', '04:10:07', 19),
(309, '2022-10-29', '06:36:46', 1),
(310, '2022-10-29', '06:46:35', 2);

-- --------------------------------------------------------

--
-- Table structure for table `deductions`
--

CREATE TABLE `deductions` (
  `ded_id` int(11) NOT NULL,
  `deduction` int(11) NOT NULL,
  `emp_id` int(11) DEFAULT NULL
) ENGINE=InnoDB DEFAULT CHARSET=latin1;

--
-- Dumping data for table `deductions`
--

INSERT INTO `deductions` (`ded_id`, `deduction`, `emp_id`) VALUES
(1, 2000, 1),
(2, 457, 2),
(3, 42, 3),
(4, 500, 4),
(5, 0, 5),
(6, 1000, 6),
(7, 800, 7),
(8, 0, NULL),
(9, 0, 9),
(10, 0, NULL),
(11, 0, 11),
(12, 0, 12),
(13, 0, 13),
(14, 0, 14),
(15, 0, 15),
(16, 0, 16),
(17, 0, NULL),
(18, 0, 18),
(19, 0, 19),
(20, 0, 20),
(21, 0, NULL),
(22, 0, NULL),
(23, 0, NULL),
(24, 0, NULL),
(25, 0, 25);

-- --------------------------------------------------------

--
-- Table structure for table `departments`
--

CREATE TABLE `departments` (
  `dept_id` int(11) NOT NULL,
  `dept_name` varchar(100) NOT NULL,
  `hod` varchar(100) NOT NULL
) ENGINE=InnoDB DEFAULT CHARSET=latin1;

--
-- Dumping data for table `departments`
--

INSERT INTO `departments` (`dept_id`, `dept_name`, `hod`) VALUES
(1, 'Admin Department', 'Muhammad Ameer'),
(2, 'Production Department', 'Zeeshan Sadiq'),
(3, 'Sales Department', 'Amjad Khan');

-- --------------------------------------------------------

--
-- Table structure for table `employees`
--

CREATE TABLE `employees` (
  `emp_id` int(11) NOT NULL,
  `name` varchar(100) NOT NULL,
  `gender` varchar(20) NOT NULL,
  `doj` varchar(50) NOT NULL,
  `dob` varchar(50) NOT NULL,
  `email` varchar(100) NOT NULL,
  `phone` bigint(20) NOT NULL,
  `city` varchar(100) NOT NULL,
  `address` varchar(200) NOT NULL,
  `pos_id` int(11) DEFAULT NULL
) ENGINE=InnoDB DEFAULT CHARSET=latin1;

--
-- Dumping data for table `employees`
--

INSERT INTO `employees` (`emp_id`, `name`, `gender`, `doj`, `dob`, `email`, `phone`, `city`, `address`, `pos_id`) VALUES
(1, 'Richel Austin', 'Male', '2020-09-05', '2000-05-06', 'ahmad@hotmail.com', 3001234567, 'Mumbai', 'Mumbai', 1),
(2, 'Soumya Joti', 'Male', '2020-09-05', '2000-10-09', 'ali@gmail.com', 3267876565, 'Delhi', 'Delhi', 1),
(3, 'Arbaz Ali', 'Male', '2020-09-05', '2001-11-10', 'arbaz@gmail.com', 316898878, 'Ranigaungh', 'Ranigaungh', 2),
(4, 'Muhammad Aamir', 'Male', '2020-09-05', '1996-12-12', 'amir@gmail.com', 3334567878, 'Islamabad', 'Islamabad', 3),
(5, 'Mirtundar Basak', 'Male', '2020-09-05', '2002-02-05', 'aqil@gmail.com', 3357876767, 'Airoli', 'Airoli', 4),
(6, 'Sagnik Guha', 'Male', '2020-09-05', '2003-01-01', 'waheed@gmail.com', 3451234567, 'pawai', 'Mumbai', 5),
(7, 'Arif Habib', 'Male', '2021-09-22', '2000-09-22', 'arif@gmail.com', 3176478789, 'Quetta', 'Quetta', 8),
(9, 'Asif Kamal', 'Male', '2021-09-22', '2000-09-22', 'asif@gmail.com', 3176478788, 'Rajanpur', 'Rajanpur', 5),
(11, 'Akmal Khan', 'Male', '2020-12-12', '2000-11-11', 'akmal@gmail.com', 3125678880, 'Bahawalpur', 'Bahawalpur', 7),
(12, 'Sajid Abbas', 'Male', '2020-12-12', '2000-11-11', 'sajid@gmail.com', 3125678882, 'Bahawalpur', 'Bahawalpur', 9),
(13, 'Shoaib Abbas', 'Male', '2020-12-12', '2000-11-11', 'shoaib@gmail.com', 3125678883, 'Jehlum', 'Jehlum', 2),
(14, 'Ahmad Mehmood', 'Male', '2020-11-11', '2000-11-11', 'mehmood@gmail.com', 3125678884, 'Attock', 'Attock', 7),
(15, 'Ghazanfar Abbas', 'Male', '2020-11-11', '2000-11-11', 'ghazanfar@gmail.com', 3125678885, 'KALAM', 'KALAM', 10),
(16, 'Muhammad Shuraim', 'Male', '2020-11-11', '2000-11-11', 'shuraim@gmail.com', 3125678886, 'Malam Jabba', 'Malam Jabba', 3),
(18, 'Umair Asghar', 'Male', '2020-11-11', '2000-11-11', 'umair@gmail.com', 3125678888, 'Rahim Yar Khan', 'Rahim Yar Khan', 6),
(19, 'Waseem Abbas', 'Male', '2020-11-12', '2000-11-11', 'waseem@gmail.com', 3451235678, 'Rajanpur', 'Rajanpur', 9),
(20, 'Naveed Akhtar', 'Male', '2020-11-12', '2000-11-11', 'naveed@gmail.com', 3451235679, 'Rajanpur', 'Rajanpur', 6),
(25, 'demo', 'Male', '2022-10-27', '2000-05-09', '1@test.com', 44325678261, 'mumbai', 'mumbai', 1);

-- --------------------------------------------------------

--
-- Table structure for table `positions`
--

CREATE TABLE `positions` (
  `pos_id` int(11) NOT NULL,
  `pos_name` varchar(200) NOT NULL,
  `dept_id` int(11) DEFAULT NULL
) ENGINE=InnoDB DEFAULT CHARSET=latin1;

--
-- Dumping data for table `positions`
--

INSERT INTO `positions` (`pos_id`, `pos_name`, `dept_id`) VALUES
(1, 'Finance', 1),
(2, 'Assistant', 1),
(3, 'Human Resources', 1),
(4, 'Software Engineer', 2),
(5, 'Software Designer', 2),
(6, 'Software Tester', 2),
(7, 'Quality Assurance', 2),
(8, 'Sales Person', 3),
(9, 'Sales Associate', 3),
(10, 'Sales Specialist', 3);

-- --------------------------------------------------------

--
-- Table structure for table `salaries`
--

CREATE TABLE `salaries` (
  `sal_id` int(11) NOT NULL,
  `amount` int(11) NOT NULL,
  `pos_id` int(11) DEFAULT NULL
) ENGINE=InnoDB DEFAULT CHARSET=latin1;

--
-- Dumping data for table `salaries`
--

INSERT INTO `salaries` (`sal_id`, `amount`, `pos_id`) VALUES
(1, 50000, 1),
(2, 50000, 2),
(3, 60000, 3),
(4, 70000, 4),
(5, 70000, 5),
(6, 70000, 6),
(7, 70000, 7),
(8, 40000, 8),
(9, 50000, 9),
(10, 60000, 10);

-- --------------------------------------------------------

--
-- Table structure for table `support`
--

CREATE TABLE `support` (
  `spt_id` int(11) NOT NULL,
  `spt_name` varchar(100) NOT NULL,
  `spt_email` varchar(100) NOT NULL,
  `spt_subject` varchar(500) NOT NULL,
  `spt_description` varchar(2000) NOT NULL,
  `spt_date` date NOT NULL,
  `spt_time` time NOT NULL
) ENGINE=InnoDB DEFAULT CHARSET=latin1;

--
-- Dumping data for table `support`
--

INSERT INTO `support` (`spt_id`, `spt_name`, `spt_email`, `spt_subject`, `spt_description`, `spt_date`, `spt_time`) VALUES
(1, 'Ahmad Ali', 'ahmadali@gmail.com', 'Employee Entry In The System', 'With due respect,\r\nit is stated that I have been selected as Sales Person in your company a month ago. Still, I have not been issued with the employee id or user login credentials. Please, provide me the said as early. Good Luck! ', '2021-07-21', '13:12:18'),
(2, 'Aziz Durrani', 'aziz@gmail.com', 'Forget Login Password', 'With due respect,\r\nIt is stated that I have forgot my login credntials. I cannot change my password or reset it. Kind advice is required immediately, please.\r\nBest Wishes,\r\nUser ID: 101\r\nEmp. ID: 150', '2021-07-21', '14:36:20'),
(3, 'Aamir Sohail', 'amir@gmail.com', 'Position Change', 'Dear Sir,\r\nI have applied for position change from Software designer post to Software Engineer post. Now, I have received nomination letter as to have the new post as Software Engineer. So, kindly provide me the new login credentials for my new employee account or update the old one with the new data.\r\nThanks.', '2021-07-21', '15:29:02');

-- --------------------------------------------------------

--
-- Table structure for table `users`
--

CREATE TABLE `users` (
  `user_id` int(11) NOT NULL,
  `username` varchar(100) NOT NULL,
  `password` varchar(100) NOT NULL,
  `nickname` varchar(50) NOT NULL,
  `type` varchar(50) NOT NULL,
  `picture` blob NOT NULL,
  `emp_id` int(11) DEFAULT NULL,
  `dept_id` int(11) DEFAULT NULL
) ENGINE=InnoDB DEFAULT CHARSET=latin1;

--
-- Dumping data for table `users`
--

INSERT INTO `users` (`user_id`, `username`, `password`, `nickname`, `type`, `picture`, `emp_id`, `dept_id`) VALUES
(0, 'NADEEM', 'abc123', 'nadeem', 'admin', 0x89504e470d0a1a0a0000000d49484452000001cf000001cf08060000003578512b0000593b4944415478daed5d079815d5d95e4c34891a8d46634ca229921849c0bd33774162546ce8b23367eea2d702ee9d73e62e574451c18a6d4551ec8a25f6fe63ac58b137545454b0620144b150942abdce7fbebb6b54a46c39337366e67d9fe77d2831ec9db9e79cef7ce77cdffb56540000000000000040d4e8d68dffbc4bcffa3f54e57865c672f7361c71b069f37e9227998e38c3b0c510f9eb85195b0c3319bf3a6bbb37c95fffcf64ee3d86251ecc32ef31938967b28ef7b4c1c4a386e3dd2fff7c5796b9b7cbffee860c73ff9365fc52f9bf9d2ffffe6cc9d30ce69d6030de47b267861577afb2dd7f7461f5db74ebd6f0537c230000004064c8548badab6c5e2503583ecbc48932785d6158de7f0dcb7d4a06bd71194b7c2603db4219cc7cad68b9732b99fb71c6e6639a82f16d19262e92c1bcbfe1703b5b53fc67877cbf4df10d030000002dc6aeccfba5690983b237192007527094d9e0c33200bd2703d07ced82a262cae03f5366c1af53062c33db0b285bceda5eb5fcf5ef1df2f98d3042000000528c7c3eff13a3b67e273a4ea523d4ac2d1e329dc2a7490f8e6d0aacb6bbacbc8960ee1da6e39d9c75788f2a476c87d10400009040d0516bd611fb50262917ff5b324c8c955c8c80a88adeecaccd47958fb06d51326cbe8b699736c6c8030000880fda51a10c2de27261bf35638b49086e1164a9cc5d6edae20d2a88326cefa09dadc2ef31340100003441d77cfe1755b6d843663ba7c8857a246541085e9ad2297c2abfa3e1748f9ab1bc9d2b1a1a36c0080600000801d4026230bebf0c921753e568d33d1c02532cb35331cf70f81359479c9a615e964e0d30c201000014a1d2e27f351d7134f53e662cb1088127a974bf2af7b13abc57e7dac2af31f20100005a002a363159b126cbf895b8b34c292d77259d2cc80dd399548084235e00008035805a1e4cc68fa1633c54c2826bea3fa516198379bda9171733060080d422c3bcdf51c0cc3ae265b940ae4290009b7957ba98e40ab38c1fd2a97bdd2698490000241ea4b52a17be23e522f8020226a820235d54564372c48154798d190600407232cc6ab1b5c9bcbe862d9ea5bb2c2cfa60405c403ac3a6cd73edabfbff0c330f0080d8c12c9536ccdade014d15b22bb0b083a1b7c158e2c672b111000080eea0b692b24d96256660110775a0e1b8ef52ab53c79a5e5b60860200a00de8888c7af332b6780ef798a0ce8546e4994a8a5498b500004406d2909519e66519db9d85c5198c9998fd47641e4ef7f198c90000048eb29517d97859623416603021366b77e16e14008040d021df6f53c3f68e356bc4275874c144de8dca0da1e178b550330200a0cd202183a602a0395860c19468ec4e24e717f48d0200d06218acd0a9d10f13ae25606a3d49bfce307e56a7dabadf6045000060dd41d311fb659878128b27087e57a59bb1c5f5466dfd4e58210000582dd3e4fb1b4cbc86c51204d7ca55595bdc69dafcef58310020ed41d3167ba17216045ba4a7bbc270bcdbcc9cbb0356100048194ccbfb7793a8011644106cdd9de8723ace35adbaedb1a20040c25165f32a39f11fc7e20782aa8cbbc552d3f1aea2ca74ac300090b4a099e395595b3c84c50e04832b2cca327e29aa73012001d8d92afc3ecbdcdba1390b82e159a3651d716ab76efce75881002066a0066f9379a7d344c662068211b0acc6c5f3588d00202620edd90c1353b0808160f4ccda7c145d9b606502004d615ac2a864ee8b58b04050b7a222772555e6e23e140034421756bf8d61891b698262a18a67dfa0e4a2b27eb02566c8df7f2617da49a62ddecf30f181c9f864f9df7d6132f72bf9e7798dbe94b8c38e6951d13cb242eb90cf6f84950b002242b76e0d3fa5896858ee37589874b0b6e2932b2dfeaa61f3474817d864dec5f2f7a718b628656def0032612e7ba0f62c6d6be64b9b9785c7dbe0e041dfbf699736ee58d36b8b2a476c9765c54cd611fb64193fc470bc230dc61b4cc7bb5c06dd3b0c873f2117eeb17283f52502af26e2f3ac5883550c00c2bed7ccb9a6c90a6f61110a313b64628a0c48cfcb3fdf520e4c4cb81956dc9d9ae4c9e7342e63a77d75ff9f75ae2dfc8d748c6580ef6b3ae23cf2b4ccd87c0c65b7f8bec3bc0f1577e2281700c2b8d79499865cc42fa2c51c8b4f30faa5e52353264698b6184c1923051ab354da302d63ac53f7ba4d288ba5cd0165cf64149061ee748c8dc04e2d6619b6c7b1ba014040a023b94ae67e8c054795f9b1fb0d55421a4c5c2133c93e86cd7721d36f8cb4b504559921652c776f390e07980ebf998e816159a7743c3ed5d9aeff33461a002842d77c714b5aacb0c0b4b958634ae3fd9f7724b50ec4e9a855dfb199ff05dde5d2ddaeccd847c234bdcd7ab90b65b67f1cc62600b4118d3d9b38326be51de5582a98a177d8a567fd1f309a42413b2a8aa22229721ec149496bef42ddd73396b733861300b410553df86f0d4b3c8885a46599a55cb4af316d9edb9579bfc428d203658948db2b1a0ebfd7b4dcb918abcd776d91bf9e8bb616006826b2b670e4c4f91a0bc87acbfd97d03d91c9f840a3b67e278c1cfd516eaf72f86e1414e4e6701cda669ab5291c0b036e005807a89236cbc4b55830d619303f27fb2799615a54158a5193801316dbe3d42a23b3d2f918dfebbc0bed8b110300ab074e4b188655f8100bc59a4af9f9d472b3bfe5fd5bbeaa76182dc904151f516b50b9e7b41c2c30f67f5c912b1e949becad305a00a0a16103d3e627a1e4ff4706c333e402fa1faae46c8b0a0f10df531899911e9465e2be263942cc89ef8e71a791c0054609905a5005a8618b67b1207c4b6fb6e475d44b88527de05b50efade9f05e94756193f99d9887dc605e466a51182140aa9075c4818dc1020b0149de19cceb0df360607d20a106d27396e36602e64eb925eb9d6c4df19f181940f28fa34aa50db38c5f8963593143be870b48fa0ea302680de8483f638be154759df200ba28eb78058c0820b1c830ef77862546a7f9a889dc3dca59778ab46281605156e062fc1839bede4bf586d4f1aec2bc021218388bbba75629c872e71a4c9c5f99e37fc24800029d6796d7d5b0bcff36090ca44f99c8112fd3261d230148040cdb3b369593d9297c4acf0eb51f20f420daa3f8c72ce397a6b1779436e9b459c72800620b6ae2a75d701a7539494f1615b340d420d3f12c1327ca71f945daa4fd68e38a1100c42fdb64c5f686e3be9ba6fbccac2d1e2af76502806e41940af56c5e97360379dabc43890b884fe074b89d1a016ccb5d49ee19d0de5c37cad65d8ed88eacd0a88f95040048968edc4764667414d950c9f739c860bc81745fc9f09c549532b6184655c9f2bf1b623ae20c12d4203f4db255937faea72a4bf9ffe949c774e466d285d56f83a2917543becf7dd354b8479b78dacce39b07f4dee1323e90024a2a9ab4498f34e541931c2f686122a37232d496c1ec1c6a9f6814ac176f662cf119b51244a042338fecc00c265e937c54068b1b65803e5dfefe30923924a793b42b37656daf9aae18d22171e9ce22417eacd08076a0fbbdb4f46fcaace77e83153aa5e6cb2509c59cbb837cee5acafeca9936132f9445eae3ec0a6289a524362003ed938d86047c206d024888205d4154387263f1761a5c88e4b31e8ad51ad00674a72007e6c3c9dfbd8a9146ce3593fc5d76ace9b5051d81d2516a93c3cd2b920bd22862d1983d7b17cb3fbb645c907005a87674946edae2fdc4f75adbfc14acda40f4c7b43d4bdb96fdf6921d349fa3feb9246694246d26b3adc3299b94cf3909926feb54b259511eeb8e7739555393367312c7041d6dd39177b2bf4f7e0379ab620507a239ee910baf5c4ca62438684e326d9e4bcc46c72e6d4cd5c032589e4af780329b9a83a0d8e6bb5539fedd3be438e92737583b27a53d8904d7e526e164997d7f93dceb17fe4497eade9b612507c20d9c8ed8878a329259deee7e43bd71540c13f7a338d3e11d49489cdc6be0c811ca71afdc9078776719f792a0744366dd59dbbd29d677dbeb1196a72a70ace8403881931686242ec4e52a617e03b53bc436bbcc97362fb76ed8e2faa6821e04b44859782b63f3a194f1c7b98586eefa2b99fb6242dbcdbeccb262062b3b10ece2ccc4a0842e742f5051482cbf13ab6e7bea93ccda7c545a354d6372c43b8fccade94e31aec78574d79bc8ab1acb9d9fcdf16e58e181a002e7b9c9bbd7e453694188db77417d8ae4a44142d8084cf16c9b90bf8ec8327e08995dc769ec91e04596796736b5fa24cbdaccf6aab1d2036aefce2c7159d24ad6e968b332c77f15abfba7b21a0ff55826f30e2aad7e943298de53b6aab34b1bc7260badaddf29714a45724340d71e58f281b6a3a16183c6fbb344edfa27c6e58886aa1e293bc93aded329516e4a3b1750db50931a4ebb386cac492a314955b9d492443ac058fc815683faa01a9dea93e3b4603ae2bc3834bb9777f5b67b899cc8331150527b47fa01dd6567aac5d6da9f8a38623bc3e68f244b7ed3eb8b2800b41865cd52c7bb3f410bd158dd2beae8c88ed46c32cc7b09c103fc9e2e2b55b6df45ed61baebf1d22909a93325e7fd7bc7211a00cd061504c881f378520a33a8cf51e7e675d28d25d59ad438d180ad2629ff500fb2ce77f55df3c52d9bf48f93d1f7cd7803a202d08c8cb3dfa6d4f2901c2b227d05dcab1cf12f6a5d40f10fd89ad68af2b17e8fe21fb5bd7a70c4c14951b1225b3c4407609d1927e9b826627191999c8e779b940153351f5a4c4055c52d64f89c615e56dbbb50c69f4f440075bc7310258035df7192de69fc8b82a6ebd8ab45ce33549508f17530c0e3c5e70d5b58dadd8b92a51d138312a24a3608d102f84136d4747c18f7fbcd8775ab4c6c2c02f28e939fed2b2cf06048452e6f9347678566ad2e24f1273fdb47f13fd51247236a008db654ccbd3dfe4de6e2089d5e2b1d199b36ef9f61621a167330926346db7dbde914469b204a273009e81b5f25df6b11c123e568323c8ef32efba32adbfd874ec7dfe48f095176509fbb3af172b9cd45a3205a36deb6dcf9713691a0b61c44909482aaf562be303ca08bc036094a188e10668df8040b36a8ed9d68a372911ec54472d31be7635c125dc9328f2192a40cf2cb3f3bd6bb3e479caacb4e9a76f5f273bd87051a8c470b97773ff516eb307768f34b9be038f791cb0c745f4494f41cd59e1863b5955932c3db4f8bcc9d15db1b9678100b321847017492aadc9579bfd4602ab5336c7e4a5cb59b6506bad0b4bc7f23b224fda89679bd63bb63b6c4b8ca1cff930ebb656a9a4ea421389832fd5c773a99dbebd0de62da5e77da1cc775539f65de8e883009458615778fb107df2d24e210e5fba3961eb95baf4f967627084adae20d1db227da1cd32639aed2897110f1075abcabe37f3799373b8e65e1a44d1bfd517731535e60b0d0828926ffbfa8034093b6f68898bec357a2dee4032a334e3919685714432794c564101cf5443698389f64d0b0b0822991fc9b29c7fc619116e435346c10d76e00c3e1f756c4c38b1568c62eee951856b17d95b1bcae9166ebccdb13727a606afb4399f758d4c2f359268e8ae3c6556efc2f42f48933caea417194ddf33e8ab294be634daf2d4cc66fc0020a8262819c0bc74469e9273339bbf173c4ed1e99f743108aeb3d27f32e8ee1647d81fc0023dbe9dade0190d403c1d5ab49f918d3e11d235bcb2c61c8cf30356e8e37262bd62012c5af40a85f0c8f6aef685fddff6791bcaf7c69f3b86bfc8260e0bda18c0f8caaadc5b4eab6278fdeb865ee546c8888141318b6d82b7ef704dec5515db2cba0b92b64f540b0d9f7794f6698f7bba836b995cc7d3166efec8b4eb575bf4164d23de394bbb30c73bf8e598fd9e028de15e9d1d2cf8eabb209084659916bda3c17cda95a6963c3729f8ad7b1b7788ed61b44284d41479e6443142fb1ea687a38b335e22ff1ac4206419d2a72c5b5643316cd5a271e8ae1e91aa02362e693b72aaa6ab4ace315626d8704829a55c793d1751427473280de19af1e50713022956ec7b5241b17ab2a34e146b15b9513fd3a2c76201888d07c7de80b1fb5e3d9ee4d712a20d2c97f38f5a8b2791559e3c44440791919e186fe8e1cb19dc1c46b58e84030d0bbbdebbb75e33f0f797ab7331deff23865eabaf810a7fba8b65a6c2d33b9cf62d28ab2c4b0851549f571dc8aa84030a6a44d2a6d56c3bfb6e24363f49e1ea880845f7428bb7c30f14c3ccadb23715d6f470549a8a605c1d0e7fbd7b4690d3d803271516c8aad1c712aa25874f79ce7c5e33ec45d9965fc9030df0d99fcca4cf71e2c642018ddbc6faaa60f35c33219bf3a2eef873c4c11c9c20e9cf2a5972b566350555b36db0df3ddc453890404937a0f3a3c64e5b07686e3dd169342ab19105008357096b68a8dcea3cdfb877abf99734d68d382a07e9ad59d6b0bbf0ef34a2b2ea61872733112512db46309f1402c268ce39d1c7261909561ee422c5420a8679569986e491df2f98d0c261e8d89d8c451886c0123eb88c3635171678b21a1064ec73b12854120a87f2151983ebde4674cd27831d00b5e9c71440744b8a00227f3768c43662507ebb0d05e4a43c30631b55e03c1b40acb2f9649c081e165a0fd362d5baa69ff6e0a6f45e52a95eca3da52694339e8c6ea2f3fc5ef0dabba8e7695f134fb0641d0b4c5f161ad9f549453c9dc8ff53fb1732f41b4537d2cc9c4f9319810af50400b6b3719971e571004d7d6ebe89d13d6669b4eee4ce6cd8e4177c2be8878ca0a84bc3d75bfcfa35d1da91d85f13e2a73fc575947bc8cc5070413d1ca322cac009a61c5dd1b4dbd757e1f7c6a9895c98905050a93b99f6bae573b8b767561b5e91896188745070493447e03b59784738ae7f58e897c1fd0a6a306ed1d03dc2586c3770b2570f62c6d6bd6b8e3b1d0806012e9de41b51d219de69dae7fab1fef8508d8da2306cbdd5bfbf3795b1c1acabbe851fc63c61693b0c08060a2f94058ae2cba272665330bbbb41522612b2a4975af0e0b4bd8981aabe3e31c0382601b5b599e0ca3f090b25cc3729fd25b3cc1bd1dd1b0a55fac232ed45c2de4ee50de8355b7bd9c4c53b0a88060aa8a8846924250f0494a714b93f1c97ab7ff89fd10119b7ba14dfaac9658a1ed175ae38ea75691a0df43550ffe5bf9f326603101c154de81ded3ad5bc34f836f612966e47abb48dff5567cd2a97bdd26888ceb010d16f9c2ded4f848655ee7dac2df827e0f54aa0d6714104c3d6f2515b1e00b8884abf7f12dbf14d171bdc7b5dec93a17089936cf05fe0ef2a5cd4d5bbc81850304c10c73ff13461f28fd1c6ddf037922e78a9d1121d7d6d369f1bf92eea3c603f9dca0df011d4f6498f712160d1004bf6bdb1017061d40a9804867f1958c25de09ab95276e68a7b3fa3f55c0057d7c42a2c8ba57bf81201859003d23f8ecd3fb9dcc40a76bfc1e4e43a85cfdd2daf10afa0edac2a781cb45c9c06c58de7fb1488020b88e005a1f7c002dee2e03e8725d4569b235e22f88984d68b2cc99aaa9f4deb22a9b5785b07938078b030882eb39ba5c61da5ef7e02b70c589fa160f89fb1035e311380685d0d35a8f850104c166f53d5aee37a6c33b067d8d666aecda94cdf16e2812caf13fe95a246430fe7cd0f79cb48bd4baa71504411d8f2f3fa7fbc920d7a62e3debff40a6177a3e7fe1ad305a78b4069947eb591a2de6543962bb60334edeb1bc8bc4620082608b3350312e68b196ac230ed4581ef5f0d406ce2a5beca1edc0b4bd8382ae6ad3dd6a0d0441cd03a8cd1f095a85485f0179f72bea894f5fe49429b7c64a42b706f9e824fa0c11041004159d925d167441a70c5413f57c7eefe2f41dd732de47c72f839c5c7665de2f03bd8877f8cd98f42008aa6b6109d6fb92d47d746c5fa16e8830e452b54197eade9bc9ddd20c1dcbc03396d735d07b4ee6f5c564074150f1dab5c860854ec1ae5de2344d8f6f1f4e4df0d4d66ecc11e7059a6ddb7c17da2961b28320a83e0b13932a73fc5741ad5ff97cfe270613af69f9fc21f4be469f75f6acff03a94468f8054c08d2c1bd0babdfc6b4dc2f31c941100c340b0bb08583b25b1d8f6fa9f2b82204f1fc68b34ec6afd670d0ad0ab2e996aae1a86714131b04c1104ed002d5c0d555d446aeb13d932d88a0e1b165c616d7077ccf793126350882a125030eef11d47ad6686051f850bbe0e9b8ef26563841a6d637ea1738f9d420ef09b2cc6398cc2008865c853a6b67abf0fbe0fad48bbb5390d64e3881f14312d89a526cafe5597980a9bed9b3b4ad7ce6af319941100c5f81c77b3ac84c2ccbc4b5fadd7d163ea4c2a64405cf2c736fd770808d085204c270f81398c420f8431e7bf6657e4df178bc8b7044048e0b2c39c89736d7b10892ec2d939375d6d6ef245ff24abd5439dcb99419065818750c262e08fe90fd075fe22f5fb1c29ffef52cbfb6ef20bc93104404aa72bc32b075cee6391d5b7682962c0cb1c2d6bb5bbfbe20de3fb83e56de51d3761c108c8cf5270ff5972c5dea7f8b5973e7f9871ed3807713f85a27de37edd2c601f6af3fa261c5717dec0367c6f276d6ee62b9c61d1fd4ce847a45a9ea0b931604bf63ef0167fa0b162ef257c77cf977e2c473f08e020f26de5541adf1248fa75b17458689291df2f98de27d64eb78f7a7498d82449a315941f03b1ed8ef147fcebcf9fedab078c952bfdf1917e15d05decac1ed54b5e3d9bc5fbcef3ab52b670e4e0751678b35108c8276fd09fe8c99b3fdf561d9f2e5fe0943afc43b0b341b73a777ace9b54560c5436411a6d533f3c9b1adbc25f101dd2ecf8352e02fdb8c3131019314041bb99f7bacfff9b4197e73b172d52affcc6137e0dd051b506e084e79481cae5db61db02f7320286bb96a5734139cf79bfcf7cfc5c404c146eed9eb287fd2a75ff8adc185d70dc73b0c34a088bd82580329cb936becdb9a89e08c895fd6c9f8599a1dd706e63a4e4551646786890982c2dfeda0befebb1f7decb705570f1f41fd7a789f01b57204557d2b83e79efa1d5717778f4de0a4234c194c66ead5382b0e0fa6bab6e1a759db7d1d93120485dff5c0923fe6adf1be0afcdf038f238006a6ac26ce0ff0146e84566bbf2d1e8a4f5fa7cdfb693658de0beae298143c30194150f89d6b8bfef3af8ef355e281275ff0ab7245bc5fd5d9189d9459c208644dccb93b6826c5ba2acbbc1df58f9c0d0d1b98cc9da8d7cec33b20900bf21af1177270c76404d3ce2a99218e7c76b41f049e7ae9357f979e7df09e55679f96181754bfbb4c2aaed32a0630716d1cfa3a6b751b20150199a41a4c3c8a4908a69d74b47ad7234ffb4162f4d877fc5df387e37dabbfce1a104cbf7bddf632b35daa9168c2e24cb5d85af34221ef25cd2acbac60cab2790f4c3e1014fe0d773de4878137c74ff0f738a41fdeb94a5aeedca0824a96f12b3593291cacef5da723bae8f4b22a2dfe6a20cf592a6da8a3192c0886cdcb6ebecb0f131f7e3cc5dfa7ee68bc7bb5bd9f57079448fd8e323e8d4422bea662562d83a776b66301c9f019b6772c261c98760eb9f2163f0a7cf2f954bf5a0cc477a02efb5c69b042a760d64af712cd4413b8768193649f74da655432f7c5407653d562ebb29d19261d98620ebae06a7fd5aa557e54983a63a65fdbf7647c17eaaeb79e0da236a4bc5e32b140a31a98d13a1ed91ead55f59f2df608a68a8c5f8dc906a699470fbed45fb162a51f3566cd99e71f72f419f84e540516c7ab0d46a6950fd5aa4dc7111d34abb2d5c7862beb784f07535d5be8a49da9370886c83e8386fa4b972ef375c1370b16fafc8421f86ed49cd67ddcbebaffcfd48be614b7cc30314f9fb6157ea93e81d3e6bbe8d500ecee1dc063b6a3a08c4906a695870d18ec2f5cb4d8d70d8b162ff18f38fd427c474aea44f849019d4c5ea89140c4cc203609ad0b9e96b851a301f06630fab5eede985c605ab93e4fcea8419666c79d7b05beab36170f89399539fe2bd5eb67979ef57fd0c9303b6b8b43230f9cbb32ef975a5d083371581059a7fcb75fc1e402d3c8e67a72468d952b57faa75f7a3dbe334dfb2175eac6682a908ab83d452b0f37f7f320e4a6208800a6952df5e4d401e75f733bbebb3655a4badf74ae2dfc5af53a5a95e3951a3de72a8315db472c022fded027ebf44e0824ebd4e81941302cb6c593336a5c75fb7d706469cbbda0cd8706936c695437e288f3221445286674da2d05e1d769da3c87c904a68dbb1d7c84ffde84c97e9c71eb88c710405bafc6b3b0536ddd6fd4772cf0fd357ac6e9a416174da1101357e87386ed5ea2fc011b1a36c858e21d4c26304d244fced7de7edf4f02463cf13c2ccd5a4defe2608a2f355a536572147ae0247fcc72e4d66307b19c54fc0390e13b0813084c13bbd4d62bf7e48c1a4fbc38069666ad5a57c562d2a70d605de51a55ddde19416fa7d82bd12f807c496bdcf19844605a58f6e47cee653f8978e98db76169d6aabb4f314cf5d2da219fdf4806e6699a3ce302d32e6d1cf27da7b836c9527ca8b005d3c4b227e7c867fc2463ec7b1ff9bbc3d2acc5c185148202281c3a479f67e4f9d00227b58390bd8b26e7f21f0594593f8b8903a68537defdb09f06bc3fe9137fefc3fae33b6f1907290f9e35e22fd42ea2498be33d21b6a778dd93dc9e625ac2c08401d3c261217b72468dc9b0346be9dde7b420e4ec74695bc9586251877cbf4d5325c747724f419453676c311c93064c03a3f2e48c1a5fcef8da774a27610c3437497184506f26220e4e955c1ff5c598cc9b9dd4749baa76e54e6405260c987446edc9193566ce9eeb1fd4ff348c85e6b0c61d5fa1d8efb3b170488feb3fc3f1ee0f3e78b2628d3e3d3a5e77e55927131761b28049a72e9e9c5163defc057ee1b8b330269a959d79d5eae38977b12689d812d2690f38788a5bf5d809894f54ef8448a1a8ac548489022698ba7972468d858b97f8879f7a3ec6c6fa2bb295fb249b36ffbb3ef53381988a34822e8d753135cd3ae254f51b037e0c26099864eaeac91935962e5bee0f18320c6364bd7ab0bca3ea75b792b92f6a927d3e1c5c6fa74cdbb57848cb5d1980f2453b8822804966fec853fdb9dfcc47a45c87a5d969175f8bb1b2cee0e95d1ec069a6ab475c114b3b75afdb2498235bf9e2f4d0b155efc556e5887f61728049a5dde704ffab59731021d7032aa01a7af56d18336b0f3073bae6f3bf50b9f676a9eebd19dd39ea5138c4ed80ee3bdd899a1cd91eae7e63c06fc6e40093c8387a72468d2b6ebd076327c4bb41aa76d5a3a7d5fd4f000e2ac5f69a34b4ae30edd256aa0b85a8511613034c1ae3ecc919356eb977242ccdd65875cb47a9bf1214876a22d53739082ddba33451bb78328033f7233029c0a431099e9c51e3dec79e2b0be6633cad164099b7a3da9ecf7e9bea92c0a87e3652dd19a9c785b5a80f4031691c260498249227e7ebef7c80e8a7008f8d7aa56cd58671f5fd00c32f507f74cbefd5a3a6c63b56a1103cff39398beb20c7a75ae1dfc8b92626039824d2423f6acc9b887a0af1c26b6ff9ff3a109666df6bebf88a148214b70ae635291a7a227142f006138f0650417c1526029814d211e3a3cfbf8268a718133ffdbc7c7f8c31f60349bb5ab58209a58d4df2d78cfe6a70b1b28a6299a25faa493acd555babd10e0a13014c88028c7f77c23d39a300552a77778fc518fb31ef0aa070e84e3de612efa1e84eb0f0a10e0dac9539fe2ba5f7b896bb3726009814a6c593334ccc9839dbb7eb4fc0f85a735bc742d5a20294cd6a72ca79459b1fa6b35dffe7c4ea2a32ef3a4c0230091c76cbdd88748a3167de7cff807ea7607cadfb34f020956b3205631d041332b698a44292afa8c517658be3555bab652c311313008c3bcfb9ea16443ac558b07091df7bc099185feb2faeb937a926d9644fd9c6e0e9dea4452184edfe43b111eb7e18fc60dc39e8c26b52edc91904962c5dead79f3c14e3ab99c535aaadbc4ce61da78718441b0db2e5837ca481aad06701f476de88c10fc699c79c054f4ed558be6285dfffcc4b30bec20c32abd7a238a2831e9a02de55ad7f886ab1b51e5f90779d6a07731238c6c007e3ca3ea79c074f4ec5582933f893ceff0fc657cbf980eae44666b453a27faec25b6d291b7692d84f4465c818f0605c5937109e9c41e0ac2b6ec2f86a65270439a3289683bd36fae77257b6fab9488249075521e567ea104600634a787206834b6ebc13e34b2bc1049ed3a350d5ebdeda7bc1d1d1f7dbf0e7959b5e333e19031e8c1be1c9190caebff3218c2fcdaed62861a2c449832e8fc12dfef0edabfbff4c0b83529b9fa4f638c0db11031d8c1bc993f38b695f21d229c69d0f3f05db31355ab79f5362a2d88ce4390d9eed9956041977572d8e0372aea9b4cad6f68ec54007e3c4bd7af7f73f9e024f4ed578e4d9d1b01b5359755b53fca7dab59a9fa2c1732d2019d7965ed89ea8c185edfc7c3eff13c5de9d8f63a08371213c3983c173af8cf53bd71631c63416b2a9b2c51eb14ce00c4b3c983449be46d57e0d8ea241b0198427673018f3d678bfeb017d30c67438e25c07c8d9448b7b4f471cddc23e1b777a2c2f6bd1a2022680654fced7e0c9a91a6f7f30c9fff7417d31c662d21991b1f9180d746e8737fb037761f5dbc4ba4c78ed2d2a97639083ba93eee11e1b054f4ed598f0c967f0e40cfab490794cedbda77b49f46d38eebb2dc8d0c43eb16e505debb1ad781f031cd47af19181f39e479f45a4538ccfa6cef0f72d1c833116bca4dde56afd3dbd0374c8a84995ae9945357c60aca591d6787e5edc12831bd49d37ddf308229d629027a7557f3cc65718818689b12ad76d5d4e413396b773732b526f89b528ef1ad37f616170833af3f25bef41a4538cd973bf812767a84146ace890efb7a9e27ecf49d18bf588c39a5b693b2efae0c97b29be781e8ac10deaca73aeba15914e31c893b3d7b10d185fa10750776fc5ed85b7467f97cb2f58ef07a5be4af2688bfac356e6f89f147f012f6060833af2948be0c9a91ae4c9593cf95c8caf685a3bce507c6a58d2e0b91e5fff07adaddf49830bda59aa2dc874d81080e0ea3cf6eccbe0c9a918f0e48cba3a953fa1562c81576950c0fae5fa83a7230e8efe7c59ad18bc61f35d30a841dd583ae57c78722a063c3935089e96fb8d4a6538124ba0ee8ba89fab736de1d7eb6953f1ced1e072f60ab547b6de7118d4a04eac3bee2c7fe1e22588768a31f87278726ad1ab9ce3958aafdd2644ff5cde9eeb33c07e4883ccb38f6263d5fb30a0415d983fea347fdefc0588748a71f10dffc5f8d2e6e8d63b52e9e9a1c3efd55ea64f0baf4b477451bb6b817f27a80759e944ffebd97311e914e3ba3b1fc4f8d24aaa4f5caf561d4e9ca141e6b976cf52b25ea13e9d883fe4aa4eddeb3651d6645bdd7b330c665007eecf07c0933300dcf1d093f0e4d42e78f2316ad5e1784e83e75abbf07db646fc45831dcb24a5955a8ef81706331835e1c9190c1e7afa2578726aa934e42eac6868d84059f0ccb93b44ff5c7cf2bafa69f6d2e0c58f505c2cd41783198c92e4c9391e9e9ccaf1cccb6fc09353e77b4f566caf70296f47fece116f0896afb58a38cbb817bd928377a6622795ab3090c1a8f8af030ff7df78179e9caaf1ea9befc19353fbe0c97b2aaeb87d25f28cba47f18f6bfb7067471e3c1d71a0ca175ec9dc173190c128084fce60f0f60713e1c91903aa4e84a80829f2161c5becb196ccd3bd3d7a250761a84cf5334cccc34006439f64f0e40c041f4dfeccef76e8911863b1089ee23ec599e7a0c8b369dbe36b8eeccc7b29ea0fd7b1a6d716ca762a32c5c62006c33f3df1fc7b1f7b0e914e31a67c391d9e9cb1a23b516dbf3e3f44db6c5afe8f5f44ac1f3857ed4ea55883010c86cd9bef1d8948a718d3bf9ee5d714e1c91933ae32edd2c6099359bd758de2e9e5878df483a935c0366dde1f03180c9357c0935339c893b3e7118330bee2d8b2e2880e4932c6ceda7cd48f0b6b2cfe570d5ef6036a05e1dd4b3080c1b078ee7fe0c9a91af3e1c919f32b0cde4369d190251645ba19b0c4676b3a4fde37faf3647ea9e20be61118c060183cf5a26be1c9a918e4c9e99d044f4e68dc7eff3451bc1ff1d5e24ab354da70b52ccde31a28381ca33878be89010c06cd01670ff357ae8427a74a9027e7510d17637cc59d8eb850e96922138f465f492fb65b3da21faf412513531a3c2d310703180c92654fce65cb11ed14823c394f38ef4a8caf44649efcdea489de645931b35a032a1f1abd2245a1933271841cff15062f1824e1c9190c060fbb11e32b311ab762acdaccd33b4103219f7db4536fa080a7ae27a898c1e00583223c3983c145d7df81f195a4e069bbb3d416817a0769509b738856c535f2252f536b9eead562f08241109e9cc1e0da3b1ec0f84aa24c6575efcdd405cfe8cd4b7e540425fff28588d3fb698a0db08fc1c00555933c39bf9cfe35229d620c7f109e9cc92d1ae21dd51ddb163a457fbdc81b7e186c6adcf1117fa8f7d4a6f76208062ea892654fcecfbe44a4538c079f7e119e9c89a6b7a7aa757d67abf0fbe83703dee5ab57a6ce88389a3faf38f3bc1a831654c5dd0fe9e78f9ff809229d623c331a9e9cc9174a50e794d5bebaffcf34d0ecbd633551787779b497b0aa15f8dd7b30704115244fceb1ef7e8848a718af8c8327674a32cfbe8afbf71744dc7ef384566d1d32785eabf8d8f6590c5ab0cdc50eb5f5fe0bafbd8548a718f0e44c55e679aada5ecfc2a7dab4df983977070d5ef2b98a3510dfc1c005dba424922bfa8f8f7a15914e313e9a3c059e9c690a9e8a65572978457be759f8f4bb9ec85cb1b306d27c03d5aa0bb95f62e082addf2dc39333084cf9729abf6f1d3c3953a66f7b9bda3644fe44c4fab6f3bf7786eceda9c14b7615bedf76a6259662e082ade52df0e4540e7872a6347832f1a8e27a963b227ea655df8be4623f0d34106d552fb743bedfa618b4606b094f4ef59835779e5fdb179e9ce95419e2635406cf2ce35746fe5cdf3aab90207be41fc6f6baab7ab9a47a8f410bb68643afbe0d914e31c893f3d063cec0f84a2ddd898aef3c2f8afa993a75afdba431783ae2c0c88b336cb1873251783d8cbdc198f1b48be1c9a91a8b972cf5c589e7607ca53b787eaeb855e5dca89fa96bbeb8e5b74af5bd234fed2dafabb2b4bea6f84f0c58b0258427a77a2c5bbedcef77c645185f69a72566a87556e10d91277b3df86fbfbdf31491df79e65c53a18fa781410b3697879f0a4f4ed5287b720e85272758ae4e9dab38f31c1479b2d7a3f8c76f8f6d0f8fbc3540668bea0412f82e18b4607358802767203873d80d185f60d3a9a258a4587a7560d4cf4457834d8a0de2e8a83f4ce7dac2dfd45d281777c7a005d7c783fac3933308c093135c2df35ca9d86ef2486d923dd316c76b9306ab2965de1783165c179dd249f0e40c00d70cbf1fe30bfc11f3f9fc4f14de79f6d1e69a91b407237fc13d4bdbaa4beb8b3518b0e0da582d06c29333000c7ff0097872826b69452c6dac2c3972bc823605ae32f31cacc1b1edaf15a6f5b518b0e09ab8f761f0e40c020f3ef5020227b8f63bc21cff95c293c543223fb6cdf16edaf4cdeccabc5faa0b9ee2600c587075c29333183c3dfaf5b2883ec618b8565181dabadf283cb6ed1979f0647cdf6f83e7d9517f988e35bdb650b633b1bd033060c1ef139e9cc1e0e571efc293136cbea880926e0aefa0c8ef3c6db1d7b7c1f3b4a83f4c1756bf8d42d57d1b0316fcdfd8aaadf75f7cfd6d443ac57873fc047fd7fce11863e07a497ae3ea324f7158f499a7bb6bd319b23831fa72e6baed151edbee87010b9695407245ff8917e0c9a91a1f7e3cc5dfe3907e186360f3f8ad90ba9a93c562e40543cccb7e9b061f1b791acc8aed95bddc1cef86010b5201cb7d8f3f8748a7189f7e014f4eb065249b4865dd1436ef177dbc2a74faf6d8f688c823b9233a287455f917062c084f4ef598f6d54cbf87771cc617d802ba4b948a246890ec6599b7a3366970961533ea1486bc2c066cba094f4ef59835873c394fc6f8025b78c429e62995e7b3f94991b756daf57fd6e602d6744417652fd7e11d3168d3cbf3aeb91d914e31be59b0d03fe468787282ad099eeed76ab56dbdd335b8f3fc9d36a5bfa447abae89d6db1183369d3cfd92eb10e914a3d1937308c617d85a7ea1f6d8560cd146d4276b0b27fae20eb18faa974b2935066cfa3860083c3955039e9c60dbc9272bcd3c1d71a136a23e59dbab8e3e78f21eaa5e2e092e60c0a68b7d4fbb009e9c8a419e9cc79f7b05c617d8b6ca544b8c53193c33b618167ddf6a7ea3c60f63b97b477fe7c97b297bbb0d0d1b900d0e066e3ae81e7fb6bf089e9ccad170193c394115c1d37d4ab119f6ad1ab4de68d4da61f3fe6a5fb0fb15066ef2094fce6070e175c331be4045c1d3fbafda3b4ffe8836ad37466dfd4ed1074f3158696acfc40718b8c9267972ce8427a7725c3d7c04c617a8b00d915fa9726dafb4f8ab9116b7da7cea7781a65a6c9db4179c61de4b18b8c965d99373063c3955e3f6fb1f87b518a875622433bf8991064f4bbcf3bf0f432edff22f57451a3c6d71a7e273f10730709349f2e49cfcf954443ac578e04978728231b892b3c49c68334ff1dcea8da7b39374a96c58e2460cdce4913c39df9ff409229d623cf5d26bf0e404b52f06d521d19399ef3d5aa5c2926f2a0d9e4c9c8f819b2c963d39dffb08914e31468f7dc7dfa5273c39c1a0324fafbbaa759d4cb5232f80b2c535ab1f73be12f139f2672a83a716366ba032d2e2fed21bf0e4540d78728281079b9c6b2a4b8a34286e258523adca7f65f05ca4568582f7c2c04d06cb9e9c2f8e41a4530c78728261b00babdf469d5733df4d0335bc01ab679eb744fda1bae6f3bf50566d6b795d31701350e65ef6e47c1e914e313ef97caabf4fddd11863601849914a2fcf5ce46b92cdeb562f18ba38ea0f5569f1bf2a7bc93d4bdb62f0c63f70de3ae231443ac5983a6366b9d507630c0ca14de57dc5d771476927252bff729006bd9efb2a7ccfed324c2cc6008e2fafbced5e443ac580272718725bc748c5e23717451ea772c5ceabdbbc9434b8882da96d57297c88011c4fc293533de0c909c65dfc46669ef745fe5c397787d52f62ede877297ca8da17ed3d86011c3fc293533d48389f9f004f4e30f463dbe315f7ef8f8bfa993a75afdb64b5bec842a7a409089b8c5f8d011c2f0e3ce77278722a0679721e71fa85185f6004c535de016ad7f468c57c32ccfdfa471f8acc3d3528187a15bd9ee9252df0b4d003ea401b91e3e0c90946454b18ca0267beb479e4091e13afadc564d49d1571549fae38f3cc6300c783f0e40c06a75f7a3dc6171861fb61714b85ed873b47ff4cdedd6bab641a9ba45ecf6c4df19f18c0faf3e0fea7c39333009c7fedff617c81c9498634e8f124d9d7b5a937dc1bf987abaddf49d9cb2e953694d9f4320c647d993b1c9e9c41e0aadbefc3f802230e9ee249b526d8deb11a3cd711faf6d0acde80dae6a3dbc25b18c87a921af5a9611f508bdb463c066b315087e07991d21e4f5b0c8b3ef3e4fbaf25f3f48e4c5c69b3e3dd8681ac1f491aee1378722ac7fd4f8e42e00475a1abb64dc57d2afaf8c4ffbe962cad5813796497c14eed39b9381e83582f9218f907933e45a4538c275f842727a893404231a3d8047b46c4cfb4aa5b37fef335a7c58ee8a0c14b57ebebe988fd3090f5e2c3cfbc8448a718a3df802727a8d191ad2556ac35d0c4d4c733c3c4b4756469a58da37ff1ee926edd1a7e0a81f8e4b2bb7bac3ff1d3cf11f11461dcf88fe0c909eaa62ca45610de11fb445f8f235ed63d35f6ab6cf71f6a05e2ddaf31a0f5e29ebd8ef2dff97012225f1b41c7dff0e404f5531612772aeed91f18bd7cac18bebe8aa6e73410133e44edaec57b1a035a3fee76505f7fcc5be311015b09787282bad2b0f9294a83a7c36fd620f33c55fb7260c973d5ee5ac4d918d09a2a901c58f29f7f751c22610b014f4e50ebcc33c7bb29b6228b5cc087cc53d69da5d95e51835dcb234a8b8618df1f035a5f76ae2dfa239f1d8d88d84c90a804894b60ec809a2a0b2da7fa1955eb773e9fff890edecc9539fea77507cf5cb1b306554d5394669e8d82c2ab30b0f56595e3f9773df23422e37a40328624678831036a7b64bb36f1f4d6cbf2fd5d839834af191fb4b4b169b92ba3feb01d6b7a6da134edb7c43b18d89a1ff5c8007ac35d0f2142ae05249c4f02fa182ba0defd9dfc52c5ed8607471f3cbd979a7b47382179327df0f68c0b2fbbf92e44cad5b074d972bfef6917607c8031d8048b039326cb47f1a399913e7a817899859ca3f6de531c86811d1f0eb9f2167fd5aa55889a7ea327279984635c80b160cfd2b68a55e2ded0e0b98e686e814d830602bccfabfc023adbf57fc6c08e17075d70b5bf62c5cad407cfd32fb90ee3018c052b99fbb1ca75bb53f7ba4dca0548911f45bbbb36574cbd560379a7456429a6542cc1e65331c08361ef0167fafbf301caffdda3075fea2f5dba2cb581f3fc6b6ec7f802e3532ca4589b3c63b97bebf05c5daa7b6fd6bc3439e7eea047af50b1b3da7b4ff70e0cf06078cbbd23fd2fa67de5db7d4e50fe6ff71934d45fb86871ea02273c39c1f8290b7945b5e208e28cc89fcb297cdaa22ccdb4dcf91a5c3c0f50ac3454c0000f866fbd3fa1bce07f356b8e9f3ff254e5fffe610306fb73e6cd4f4de0bc159e9c600cb9b355f8bdda4a5bfe840652830fb55495e7050d141dee55f9457461f5db608007a312b46cf9f2ff2dfc73bf995f0e76aa7fce81fd4ef167cc9c9df8c039e289e71138c118d27b5be57a5dd1d0b001f5576a507fd3d0c2f2603e5483c6d469158aa149e556a2587ff2d01f0580050b1795ff5ef5cfb2eb4ff03f9f3623b181f38917c7c093138c271d719edafb4e6f672d14932c77ef96a5cbb6b0b43843af117f517a0c608b2118e86a79e56df7ae31102c59bad43faae162e53f6f3ff7587fd2a75f242e70bef4c6dbf0e404a167fb9db2503f0d0a575774c8f7dbb4451fbc6bbeb8a50e9276aa2fa0a9e418035d2dc988796d58be62857fc279572aff996469f6ee471f2726708e7def23ff5f07c293138c6995ade57ea3b83b820a3cefd1e0f4736ceb3e7c8d3b3e69f79e64b46d5a620e06bc224dda5cd19fbf70d1ba9bfc57adf21b2ebb41f9cf264bb3d7de7e3ff681f3fd499ff8bbc393138c3747a85fa7ddb9d11f457b97b732f27bd745fee1e50ba417a97647e3dd8dc1ae86871e7346b383c405d70d0fa45829ce9666933f9feaef7d587f8c2530de99a72d4a8aab6c77d3a36f551cdc5a1f4c578f07e0bba9bdf7f43806bc1a52137f4b7b1755579276a9adf7473ef772ec02e79733be862727988c1328476ca7b8adf09c58b7de18acd85e932f47a93936dde7ea20f994045275a80e3d8c654bb391cfc4ca93d329c193134c80249fc55f55dd156158625cdcc4117e9c7d5a6286065fd09baabf9c8c2d4662e0b755c4c22b8b22b406f73dfe9cf2960cfa3c37defd702c3c390fea7f1ac61098907540ad984d550ffe5b1d8a55658c18dec6fb413142832f6815bd50b5f79e7a1c49c79924c5d7163c36ea95f291abeacf354c634bb3858b97f885e3cec2f8017164abfbda6cf37e6d2dae394e8f0b698fabfc822a73fc5732ab5e8ac1df7a9e7ee9f56d0e26a3c6bc592efa51fdd974b434234fcec34f3d1f63074c0c9b6d12dd92fb4e5bdca945cc61854e6d3bde645e568ba301f94203f8921ec204683d49464e05a8dd84da4e547f3e9d2ccdc89373c09061183760d254858e56b926e7f3f99f646c779606e20833491eb0cd565e2673bfd2403771b6ea96158379bd31015a4f6ab35085773e9c54163e50fd1975b034a30cf8b48bafc5980193c65532b9fa5d12456c0ccbfbafaa07ba5d8f349aefaf5428bebaf7667263b00493a0e5a4de44d598f0c967febe8563947fd63ea79c17a9a5d979f0e40493582864f351cab5c72d719926c59005459e6abc971e4704fc66e55f961e0551b1e3c0732e0f24d04cf972ba5f533c5ef9e7ad1b38b8ecf6123648f717e3054c24db5a50b3662bcc2f75c8a83bd5d6fd4691406f692bf9502ba3571b12733ae4f31b29bef77430115acedbef7f3cb08033fdeb597e6ddf41ca3f33f98cb6b6b5a6352083708c153091b4c4d2ceb5855f275155a8d57ab6ebb0281ba3890c94a55a43513edb544c8896316851f65973e7f9871c7d4620ed355f4cfb2af0c0497dacf0e404934bf70ee5059c8c5fa9498c19a2f8c1bc33b5388b66eeedcabf344da4a0e2c25df3878752c5facd82853e3f6188f2cf4f96661f4f09ced2ecf151afc293134c346580d94bbdf1b53b5d9318b3ab5ab9249befa2494a3daf7d75ff9f29bdf7ccb93b6042349fd4ab1816162d5ee2f73ded02e5cfb057effefe7b13262bffbc2fbefe7620c20f20a84d6fa72d26a968e3584d4f604f4d8ea3e750bb4c85f29d8125666a72519d0b20fb7c1a13a379bc7af888d0c505069cadbe4772b7838ff05f7fe703759e9cef7e084f4e3005bd9ddec9cab56c6d718d1ecfe7dd5d1104e89c3ba9e7ed643d8389d13cbefae67b91880c9c7a91fa5e4952371af5da9b6dfe7ce327c293134c41d6698915aaa55229d3d3434ba06c412602099ed4fba2476aedce37edd2c62a9f8d8e82b5c9ac3566e7da62599f352ab18173aeba55f933d131eba3cfbfd2eacff5f1675fc293134cc75da7e3dd1f40a1d0beda3c63cfd2b6c1649e76692b5dacbc546bdd369dbb5f8c09b26e1e366070e45277c36eb95bf97391a5d93d8f3edb724fcee9f0e40453248ce0f01e49d5b2cddaeeeb1541c270f8137ac82789d1ca9fadd1bf741526c9da79d1f57768a1154bd663aa5b41e8dfbbe99e479afd19be9e3dd767a513312ec0b4b4a74c545d4c43bda2daa8bcd9e2f8408367d6f68ada9cbf3ba283fa2304711f26c9daf9cce837b47129b9eb91a7cb19a3ea67bcfcd67be0c909823fe611eaaf02c5007d841feab60f347876ace9b545c67697e9d18fc32f556e926d795d3149d69e99cd9a334f2b9baf479e1d5dbe8755fdac74b7ba364b33787282292c149aa9bacea4f12a50bcafc933be52110632b618a9cb17aabae7b37c7c6b89d198303f666ddf93b534987ef695b17ed703fa287fde532ebae6476210d436533a059e9c60da746cc560f5a77c7a38a8342606624028c1539baadbf225af3854fddd27ef8909f3630e1e76a3af2ba87de6df0178821e7bf665ffb334a3404a7fc658005376d7b9449950fa0f4d396ed1e4195775e959ff875082a7992f6daecb25af618b67553f5fa321ab988449f3433ef8f48bbece78fb83897eb7438f54fedc9469ce5fb8a89c89621c80e9a3775d103124c3dc853a3c5f25735fac081386251ed465d74055b2eacfe2793f4c9a1f92ecc274c74793a7f8fbd6a9f70425393f8c01309d47b6fcef01649d4768f47cfd430d9eda787c52f6c9c4f901f4b46e9cb1dd59983c8d2493eab8e0d32fa6f93dbce3f0bd8160dbafc51e0a46ad4ebca989e0cecac08411d6860ef97e9b669858acc9b1c2ec4eddeb3651afb7c84fc1046ae409e75de9c709d3be9a592e70c27707826d089eb96267e5353339de4d9fc48b3f5f1105b4ea8974c4d1c16c10dcaf3189843ffcc127fdb881da6a0eee7f3a164110d428eb9449c92349ee5d6daeda90adcf4be093d55bc994fb908ec74412fefb933ef1e3081233404f2608b642b232c72b95c78cdafa9d745171a39353d22d88247836aae18b2f340aa0f940ee3e999896e64944d65d2bd72218100790a8017990624104c1661e673afcde60ee3af90d1ac58bffab8812f2439cad8d0a86cdc704531c258e4ef344ea77c6457edc11942728082690abaa6cf71faad7d12eac7e1b6d746ccbf7b9bc5ba4c1b332c7ff646a24a62e774cbba97ec66eddf8cfe597fe795a27d375773ee827012472805e4d105c5f1222860773d7298668f49c132a74802e4e2b4d7c20980cdbeb9bd6c9f4fa3b1ff84941a327e82d582441702dad1b9d6b0b7f4b7aeb5f968913b5089e59471c98f42fbf433ebf111525a56d329151f492a54bfda461d8cd7761a104c11f55d8ba3705d49971943e99b5bb2c08b9c1d6ed2a4aa50d4d4bcc48b29c547900d8de01699b4c54a99a5404e1090a8231e6820cf37ea7fedaabe1a795ccfd58a3acf3be0a9d9065fc029d76169dedfa3f07f098eda8a9364d13ead29bee4c5cd0fcf0e329e57bdcba8183113c41f0db7a119b9f1250c165bd56cfc9f8fe5a054f3a2ad56a3038fce6209e937a9f742a900a9acfbd3236fe95b64b97f92fbefe76d9a3b35a0cc4420982abb3467c428591415c77659898a24f5c287c5ad1d0b041856ed0292bcb58624510779f4de7f7d7a6e2fe43666573e6cd8f65c09c397bae7fff93a3fc0143860562550682c9baebf40e0824ebd4cd60c3116754e808c31107eb3528dc3b82784eba6c96bba979499f5007f43b259ec7b1c79de557e13816045ba2efda2e90163fcbfd52a7ebbc9dadc2efb50c9e7431ac558a6eb92b8368f66d6a5d392ee9936ac895b7682f7cf0d21b6ffbe7fe07c7b120d86a41840064f81afb3abd63b5caae997b7b85ce30191f980699a9c6d6153121c913eb9167476b7b1c3bf09ccb711c0b829a762634ca9abad3b5127fb0bc9db50e9ebb32ef9732e39b9b869d5596f17d933cb1be98f6953606d7d7dff9108e634150653021c728bbb455407521276a56bff174451ca053db4ae3657830d63a4ddabeb7247162edcf0768711c0b536b100ceaaed3eb1d540295b1c44cb4a7b44600b867fd1fe87256a79757658b3d026ad1f9b5c9dcaf9236b14ebee03fa17b6f3ef0e40b388e05c150eeffbcc78228126a4a28ced5ebb856bc531127d0e5ac6603e6cda0fa7b64a67d48d226d75d8f3c8de358104caa92508fe21f034926ecfa3febe49cd228fee0f158054fba9cd5b024bb4f408fdb4e3377f43693025b10c7b1a3df78c71f7af56d388e05c1c8c88f09ae5d91dfabd5b35aee9754dc591137d025ad5e2f52cce852dd7bb3408e2aacbaede517353f09936b8f43fa95dd47541dc73ef8d40bfe71e75e81e358108cbcd7918fc9e7f33f09447dcd167b68f7cc8e7772451c4197b4fabd4c71617047d5fa3807b485fdcfbca48dc7b19ff937dcf55059541ec7b120a84d75ed72d3e11d0359fc1a1a36a0ab31cdb2cef99539feab8ab8c264dedb9a659f4b0d566c1fc4b3d28e4efe8c17e23ec9c86da42558b67cb93f7aec3bfe79d7dceed7148fc74205827a2a0935049828f5d1af288a5f5a1167c897da53bb4164890703bbebed51fca3667dae2de6d8f73e5aff71ecdcef8e6377c3712c08ea5d5deb889749012e90ee8aeade9be9654959ceb21756f5e0bfad883b324c8cd57030ed13609f6b6cab6fbb1ed0a7ec42b2264cf8e4b37256ea1e7f368e6341302e19a7e57e93ad117f09ec74d111176a98755e50910498ac58a3dda0b2c5fb415661198e775b1c279a38f19c1f1cc7be3cee5dfffc6b6ef7ad7a1cc782602cb34e9bd705961839a2035d85e976d719947252440154bca261001d1c9850041d65303e396e136df0b01bfd079f7ed13f1ec7b1209880acd3fb6f506208542444c7c1da3db32d865424095aeac0ca1d5350ae2be5d26d47fc8b9c5d308941100cffde4f4c09b2da54cbee02cb9ddbb1a6d716154943d6e6a3341c64af04e92c9e65de9998c82008861c44561a0edf2dc0c4603bba4bd5b015f18c8a2422c38abb6b39d01c717450cf4c156e9a6e1a40104cea3da7dcb407da45a1a1a25ac67667052582a347eb8ae53ea5e12e6d3e290405b64bebc17fab93a33a08824956111223833d4dd3b49b20ae6a422dd8b1eca2ed800b32ebb6bcaeba39cd8020982c5632f7e320effcbae68b5bead6d3d954bf32a353f7ba4d2a920ef2d7d473e7c27b055a716cf37e98e02008069200586211197204dc35a1a57fb1617bc756a4019d6b0b7fd3310b2367f5805529dac99f732b263a0882eae5f7c461c1263d5eb59eed38850fcd5269c38ab4c0b0dd4b341d848f07d617553ef6c8ffc2d44d401904c178d3f12e0f72bdee545bf71b995c4cd7f3f98b35156902f51f51a6a7e797119cdf5d39f32e1bc67ab331e941106cfb8999f752d09e951afb153f5e9146c800d257cf2fc45d129875cf77cfbe270a8840106c136bc4275d58fd3681064ec73b52cf4d83bbdca8addf2995c1b3d1c24b33cbb26fcfd11df7dd6eddf8cf03bd4370bc02160010045b59613a27e8e041dab51926166bda2131ac22cda00c4ce37ea9c0bf1cf2d8c3420082600b050196d1da19e4dad4bebaffcf4c56784bd3cae2998994e16b45f9f3084d07e92a19dcf60ff8f151810b8260cb14841caf90e2a24e9f8e922b808a0af29a2bdf336a79ae2ea665aac5d6413e3f5df61bb678168b020882514bef95d7e446238f559abe83f7e8ca0f91f3dbecd311e7e95bcd269e0c52ee8a404710e4318ac50104c175645cb705d94a47d8d92afc5edfb694b2d1f5be88983fc8befa6d4a163a1a1f939c1342fbce9f32369f8a450204c135ac414f07dd9242ffbe8e1e9ddfeb84b807d1728dd5a7bc87c683779569f35cd0efa0b1ba4dd7fe571004a351d111a329c108fe04d0bb4adff7e0cd0eba2d27e6c543ee1d1a1fdfcecb326fc7e0ef1b8a193275c5a20182a05c77c606696a1d97d6b9aced151121d79579558bada90c59dfa664777c183b407261913f6f01160f104cb308823bdeb44b5b05bdde54e5782509cb6bfc2e9e41744c8478807777583db0ba3628832018789ff9a40cf37e17f43a53b619637cb2b6ef4106758315db233236b7c7c8e14f681e408f0beb1e18327e2098b2c06989cf323d8a7f0c7c816968d820cbbcc7b47e1f363f0911b18595a73a1f5bcac1bd2263b97b871340c581f4f3b0a880602aee38a7916d6348a77ce7685e2835ae5bb7869f2222b63c680cd05b5bd29d5b65bbff08e55dd8c2312db1148b0b08263a704e09eb88d27084d03cfb5e21d73c0391b095470a199b8fd17ac03b854f0336d0feee0ed4f6ba6b7ea90f8260eb7b18279a56ddf6212526fb687f1de4880b1104dbd477c43bea2addf7dd99bc78a353f7ba4d42ba0bdecdb0dc6fb0d08060a2f89ed9b3b46d2881b3a6f8cf18b4c24de89acfff0211b0cd55a77ca0f6ea1fb678286809bfff9595dbbc0a66da209810cacd77e7dac2af43594b6580d659c9adb1cad85d96615e16914f0dda91beacf62a204c5c115a35322b74322d31038b0f08c6f98ed37bc9cc97360f63cda0d3310ad4daafa3363f05214ff58e4967f184ffe94f8a01a11554316f47dd77912008ae254838fc89b0ae7bc885c464eec3fa9fe0f151619de0a52b80da3ca7fda4b0dc9506e33dc37a2754ac1487dd2408823f1040b8de2c95360c6fa3cdafd47fed1473c22a984ae9fda7775d0caae69650656c58ef8476af74e78a45090463c1411501db8afde08ac71643e291898b8311e102cd3e4b1b1b56e143fdef32dc8554191bd67ba16319b99b1d86850904b5cdac96ca0cf09070bb15bc9363f27e6e45740b63279573cd3848d6514b0955c6865c997c8ca9af033c08a6f498d69d655adebfc35c0bb24c1c15877753c9dc8f7765de2f11d9b0a35a5d03773655c6867d370c310510d447fca0d2e27f0d35c168540f5a158313bae586cd7741440b132468ec784fc7e4b86646183ea0ab67e7a47e84850b04233d7d7a2a0c4bb11fde717a07c5480bfb3404b308d0e4fdf9594c769f9f93d87dc8f7c35b95272f1631108c82e7522d42b8815358f17161721f0eb3700a58fd5c3f57ecacbd7cdff7cef6ab1cb15d98efa7b1bf4b9c8b850c04c3ab75301caf36f4b590f17de3e2ff4b5ea53299f8152258d40544b628c56672d1516acedd21f4772427333471413070a9bdf74d9bff3dfcc0e9b1b82411d489409ae5885cba04504bdc189fca3b3e35e3880e114cb01dcd1a773c1639100ce418f29e28aa46a9fd850a6fe29340f05e88581aa15b37fef3acedbe1e1f4d4bf7eb2c2b66c27e4f1df2fd36cdd86238163a105427644ee61551dcdf656daf48aa663152561a8668a52148da8982527c9aa6ddb919cbeb1a49a6cebcde38c605c1b66e82c507516c82cbeb5dfc7aba5fe8d6ade1a78854ba161091c96b7ccab4890b0c5bec15c5bbea6cd7ffd9b0c4682c8220d81af2ab49f12ca275eed47865e77c2ae9702342e99e81c64792eadbddeb6293156ba239ee6ef8a9e9883362b6e100c188af5c3c16d5fa2603d1d0b81d6b5739e25f884cb12920f2fe1bb70166d81e8f6c425a5e57b9939e8cc51104d7255ece9f207bc4a836ba653796b8bd33c6fb2022c508edabfbffac92b92fc66f57cbcf8aea9d75a9eebd591c27270886d35e218e8eca6b92e6663970c7eddd39e23c44a318a2736de1d726f33e8adb80cb32f7f60ef9fc46911d7b336f4fd2e3c4a20982653e1eb63ad80f0267cffa3fc839f976ecd6315bdc590105a118df7fe6dc1d625581fb5d49f773512a7074cde77f41bb46dc8582a9cd362d3193aad2a30c0055395e695aee97f1cbd4bd97e8f40f1128e6a0cbeab8c856ad5e064f15b151be3b2ac3979f632c1653304da4d31fd2ce8e74eed95eb50c9cf363281631914efd1079929281329e37e3e873498e2cb962e728df5db922d716c7c3e60c4c3c9dc2a78623f68b7ebdf2fac6f1d4874ef90c566c8f88933064993831a6c7478bc276a05f13e8de8724c8b0c88209143b584cc57a9dbad76d12f54655cef54be3fa0ed192926018b6b826be4749fc521d143aaa6cb187fc3c6f62d1051371446b8b3b333d8a7f8c7a5e7561f5db188c3f1fd3f7b88a7c441161120cb2e8326cfe487c273a1f45934c8bf7c8781f99897e8505188c65cfa625c6190edf4d8775a9b1cf5a7c11db77c9bc13105d520012919719e8b3b19df896fb65549ab83fba9bc99736371d71617c0c78c1d493ea086caf18b651f55ae790cdfbc9cfb434b61b7ac73b07512545207711f9c5bf12672707c3f18ed4e57d565afcaf74fc85c519d459479a167a121cd065132f3fd32d31df885c86689242501f6502eeee6ea59e4c6dee9459a1930ceaf763a106752ab82b9f8e44dc7ab27af11d1d1bc75c18ff860a8820a41734a1caeeefb11ec4dedb55b6fb0fad0ab372ae99b1c5482cde608459d152f28fd4cdcd236b7b07646c7756bcef8bbdff46255508e8144099f7bb4ae67e1cf7527bd3e6fdb57bb796d7d5b0dca7b0988321f61a2e27bb3092b5d3edaa286bbb3725a0d0ea41f872023f38463199fb79ec170e99ede9508dfba34cd4e1bbc9f7fb30167730e07ee82ba356e55a63b6992b764e825eb4dca43f09d93de047e85c5bf89bdcb54e4f4435a1c37be8f88e8ddafa9dcace2d31ae2e04f51beff2d7d3b494846b68d8808cab1bb3e178bfe7b24b5544e6df400c603abc631c85e4d722aa702555f4e9f89ee91e4a7ec6b3e37ef70346abfd6c3aa25ed7316e5a75db535f7622deb5cdc7e852a50ce87c07ea880e72b04c4dc42253e38e2771775ddf35c9a1519f9bcc4627212080cd6bc8e7cf1bb6b0742e58919bf05e32239e930c05263e6a57e6fd12910168dee0cfb93b904874620a281c719eae3bf46f8fb73296bb77b9571447bae01aecc14ce65d4cc7fe3aaf1b558ed82e6177fb8febd40a07c4048d13414c48ce4470276673bc9bf61b17bbb495c9f8c0f2b11c0247ca25f4dca70c471cac7d910add6d327194fcbcdf24e8fd8fe890cf6f844800b4fa6ece70dc77133421565173739446db2d403bd3f2fe4d4210b0434b519669f3a9a40494ad117f89cb358f6189d1c9fa1ef8ffa11d056833bae68b5b666df7f584155b4ccb3ae2c0d81ca3e74b9b676d5e47a2fed0d14d22bdd9b4a9336daf7b5c166dcacab2cc3b3369d70c3283be160208803250a559b9543b69c7628e77ffce56e1f771fa2e3ad6f4dac27084900bd763496801486f8b893b97b45db3b6571db7e341f2ada462bcc4ad07b67b09567b2088bbb88d13aa96b380fae4b42e285a0ba8b78fda15e87b41208dc589c73c3a12341c6ec7b1d99e369af4f91baf3f92f6ddf0b3b0ca038181267c62dd436ac4277261c8c77673932f6d6e30ded364de7549508b4a10dfccd87c68861577374ba50de3797593ff851c57a7376d34937602b052cefb63b0ba0361a01db57e2475b1a3be2e9d7b439bfb1d656b8aff24935ef94ccfe09e3454c51fea6fbc8b8ed6cd9ea56de33ed9a9da5766cc5312aa03bc5026030e967420dc49c5789fc41e1536ee466fd05127b735a0266f6aaca70ca8f1eeda5d8240a7cc5b7656b9b7d1f14ea6bbc0a45469ca4d8091c43a87ef05cee95536afc24a0e44b52bdd2f61bd5d3fbea3b2f949496b94a6e377727c316d717ca3ffa8fb150261b339c174f8cde5bb66122d48586526b9b11896b8b1710399d0efb0c61d4f661858c1818833d042a7a4dfb1516b8b5c2c8f4eb0a3423b3206c8dae250ca4ecb2d3196f82ce5aa3e2bc8eb96eef849dc9c8a7c927212b126504f37f97f26fd54c2b0c5b331e9f306d280c62abcc25bc95f546993e0f58d6be1474bd1d816c37793d9e991d4ff2683c8cb89cb52658645777a8d15cbe222f9772edd79c7b1faba55c7b3a468e5880b5322c4716b5ae62e10b77b35261e4d456652233ec932eee5f3f99fa4f1bb2663e32adbfd07dda3920939e9ae929c996189718d0dff7aa94a358962bc2c33abe1a4de4347aea4254c1ace699560a38d51f95d58eefc9408ea37609506b40505131940af48d3fd97c1bcde5024593db8e637a263400ab055b6d8835a6864a02dc9f735a829bbbb852a52251f68da703d43c529f2f7afd10946a3ae2f9f5c769b696cc67fb3d2e2af52257459efd5e68f34066befbfe48f4a47cde5fb5bdbe374bc4a853b740c4d7db069dde0ac0d247822370f67348934a4a1b776b11c5787e19b07620192924b971eab3b918e3661960be80aba5ac9327e415a82e6772744b16f3b03d286aa1cafa4ec217dd651e2ec4eb575bfc10800740015f4c98ddd6d29ecf57d9c74b931028058a25c7092967bd01f66a24ba84f5477ff4520b92091f90c134fa6b0527a95618b21b84a01e20f39884d5b0c4ea21e66f326327f240e3ea240020266a9b461d6f10a26f3de4eabd87e96790c230148d6f1115566364a97a5b377b0c61d6fd8deb154c482d100a8840c183b52bb49cac52edeabb4f85f311a80640650566c9fb1c43be956a871975095a8dc4cec255f493b8c0aa035a03e542acca30ae4b4ab3e919045a7ee759b605400c93e5a2a5b9b891b21f3d658a55bd644edc17f8b9101346f035ae8546e074bf329cef7da50a8cf18a30248d75193ed1dd028aa8d20da24b03f82de49d2747481b683aab7e5f8382263f331982fffab6c7f879c83303a8054a251d64f3c83c5e007450ff365467a07592525584b17580fe86ebc4958e299b2ce2ee6c6ff8af064d67d19e6060034346c9065e2443921966261f871f520f5e899ac58034dcee4a32c99c7b86738fc89c4dafdb5d1a0819c9c305200e07b20ffc04659362c126ba6373b6bbb3751293e8a231234ee7b96b625e3ec8c2d46c2b47c1ddab496789044ec316200604d0b091513d9e21a2c16ebcb48cb59fa33a4e74afab11839f101996593de6f598f37154e446dbedb5c444e46183900d00c50762503c40c2c1ecd5e603e930bcc7586e3d592bb0d46905e281b4c33de27cbc47d6583758cd9e61ed38e356dfe778c200068014897b2c97d030b494b169cc6a3bf1724cfcd3abc078c7fc347a647f18fa6c37b998e7795e1b8ef625cb63cdb349877021c7100a02d59a823f6a964eec75854da509dc8c47b8d66d65e215b23fe8251a50eb4c0d37d3df51b52b37ea3613ac65dab050f1cef69f259c5c8020005a0bb50f28144c9becaaa457eaf5cf04fa2ec948e1531ca9a19286dfe77c3f60e22f71cf2164d8b997418057154388551060001c0c8b9268a2c82ace6e5a348bd86eee70c9bef92e6aade4cb5d89a4e3d2407980ebf99eedfca8a36182b41f0ae2eac7e1bac70001020a85a514eb64158c8c239f2cdd86212f51d96aba01def64991d1c9ccd153bc7ddb3b4f1b8b56e7baa7c959924cf32ef4cf9bcb7d20622c3dce9f8ee4391a7fc1c2e28001032c84101ea44917341a35b0c7f24cbf89532636d301cef48f9fb43ca591b2b66aa1cb15d98928366beb439ddeb5280cfda5e3589a7939b0d793c92c72a8d19ba43474f65a405412ba898aa4b75efcdb09201405447b98cf7948be2642c4afa575036b6d4883765607d5966b4cf51469bb5c54374ff2aff3c9c442028c395bf1f2603f00574cf4dc7c854ec4495d7e44643ed1e14acc9e899b244b9897a950aa2285b44408c81d8812d9e25717bac5c00a00148e7928e7251bc01827a92b27dea43c66a05001a82a4cea8b8a3a93d038b1608462eabe77e4377e5107207801820c3bcace44b58bc4030ba62333a8687572d00c41054b8d274cf86c50c0443eb23f65ea2b632ac4000106350a5278901c0781b0403668d3b3eeb8803b1ea0040824082e926f34e278f4c2c7420a894130ce6f5266f5eac3400905090507a93b4da3758f440b02d99a6f88424f520e00e002942e7dac2af0d26cecf3077211642106ca13290230e374ba50db19200404a419a9a59c62f85dc1f08aedf5080dc63d0760200c0ffb0b355f8bd61bb97e038170457a353f8d464fc9830651601008819481b958c78e1cb08a6de5bd3765f272300dc690200d0fc205a2a6d48a2e2b04003d3679eee3e4c6e33580500006813b28cef2b1795c7b1b082092e025a92b1c5f564f68d190f0080da6cd4e11dc9ddc3b4c4522cb66042dc6e6666183f2beefeac0000c400996ab1b5698be30dabf0211660308e47b3640d263783bd50390b004024301cbe9be178b7915f25166550ef561377bae988f30c566c8f990b00801620e5a22c134799cc7b1b0b35a80d2d77a5c1c4a3e4a5d9ad5bc34f31530100d0165536af9241f43a98738311de657e9665de99a655b73d66240000b142a7ee759b902d9adcf5df0f052330848ad9af0c5b5c23376e7b42a41d008044805c5d0c260ecbdae22154eb82ca324cdb9d452d26d44e0531030000120dba1f356c8fd35d945cfc962108802dbbc714734c87df9cb5bd6a88b30300904a74cd17b7948b6031cbbcc770b40baea352f66baaea361c6e77c8e737c2cc010000f85f20cdffa29c4d38dee52673272268a4bb4ab6d2e2af1a8c376473c5ceb8c30400006826cc9cbb03b5bf646c3112bea3a9388e9d41d965d6168792df2c66000000401bd1ad1bffb9697bddc97b542eb4ef350a7823e0c43c582ead64ee8bf2f7a71939d7945f733b8c74000080408f788b5b9aac582317de73255fc07d693c7464cbd5d6363f29cbdc5d218d0700001031a888c4b0f92e26f38e930bf5083a0244c08a9c13a82ad674447d935b09324b000000dd5169f1bf661daf2003eac586e53e55d63645400b44683d638b49248661da62b00c9439b8940000002408b4a8671db18fe400ca8a324c8cc5916f4be8cdceda7c94c1c41506e37d28dbef90efb7294616000040ca40ca3474ac68329e97c1e014d2e5a54cb5dc2e93463524cb9d6f38eebbe5fb49c7bb9c361a5987f7e8d2b3fe0f182d000000c0fad1d0b001050db25e9319579de98833b2b67b53c616cfd151a50c3473e3d63f498203a62dde2f2b3c31f73f06f34ea08d43867959d32e6d852f1d000000081c2411d785d56f5365bbffc8b0e2ee06e33de9485306ab4119262e92bfde22b3d887e5df3d2f7fff8a6189718ded36ee44f9bf4f69bc8bf566532f6bc6122bd6a0dfba8cb2c1461d573ed5740a9fcafffe23f9dfbe2383e01bf2df1b5d3677666204e9bccaff6668d9ac9c24101d6e672caf6be7dac2dfa8421962030000004062b35d525b6a6ae540852a006886ff07be3c472b55f31e030000000049454e44ae426082, NULL, NULL),
(1, 'user', 'user', 'User', 'manager', '', NULL, 1),
(2, 'zeeshan', 'zeeshan', 'zeeshan', 'manager', '', NULL, 2),
(3, 'amjad', 'amjad', 'amjad', 'manager', '', NULL, 3),
(4, 'ahmad', 'ahmad', 'ahmad', 'employee', '', 1, 1),
(5, 'ali', 'ali', 'User', 'employee', '', 2, 1),
(6, 'arbaz', 'arbaz', 'arbaz', 'employee', '', 3, 1),
(7, 'amir', 'amir', 'amir', 'employee', '', 4, 1),
(8, 'aqil', 'aqil', 'aqil', 'employee', '', 5, 2),
(9, 'waheed', 'waheed', 'waheed', 'employee', '', 6, 2),
(10, 'arif', 'arif', 'arif', 'employee', '', 7, 3),
(11, 'asif', 'asif', 'arif', 'employee', '', 9, 2),
(12, 'akmal', 'akmal', 'akmal', 'employee', '', 11, 2),
(13, 'sajid', 'sajid', 'sajid', 'employee', '', 12, 3),
(14, 'shoaib', 'shoaib', 'shoaib', 'employee', '', 13, 1),
(15, 'mehmood', 'mehmood', 'mehmood', 'employee', '', 14, 2),
(16, 'ghani', 'ghani', 'ghani', 'employee', '', 15, 3),
(18, 'umair', 'umair', 'umair', 'employee', '', 18, 2),
(19, 'waseem', 'waseem', 'wasee', 'employee', '', 19, 3),
(21, 'naveed', 'naveed', 'naveed', 'employee', '', 20, 2),
(22, 'shuraim', 'shuraim', 'shuraim', 'employee', '', 16, 1);

--
-- Indexes for dumped tables
--

--
-- Indexes for table `allowances`
--
ALTER TABLE `allowances`
  ADD PRIMARY KEY (`alw_id`),
  ADD KEY `fk_emp_in_alw` (`emp_id`);

--
-- Indexes for table `announcements`
--
ALTER TABLE `announcements`
  ADD PRIMARY KEY (`announce_id`);

--
-- Indexes for table `attendance`
--
ALTER TABLE `attendance`
  ADD PRIMARY KEY (`attend_id`),
  ADD KEY `fk_emp_in_attend` (`emp_id`);

--
-- Indexes for table `deductions`
--
ALTER TABLE `deductions`
  ADD PRIMARY KEY (`ded_id`),
  ADD KEY `fk_emp_in_ded` (`emp_id`);

--
-- Indexes for table `departments`
--
ALTER TABLE `departments`
  ADD PRIMARY KEY (`dept_id`);

--
-- Indexes for table `employees`
--
ALTER TABLE `employees`
  ADD PRIMARY KEY (`emp_id`),
  ADD KEY `fk_pos_in_emp` (`pos_id`);

--
-- Indexes for table `positions`
--
ALTER TABLE `positions`
  ADD PRIMARY KEY (`pos_id`),
  ADD KEY `fk_positons` (`dept_id`);

--
-- Indexes for table `salaries`
--
ALTER TABLE `salaries`
  ADD PRIMARY KEY (`sal_id`),
  ADD KEY `fk_pos_in_sal` (`pos_id`);

--
-- Indexes for table `support`
--
ALTER TABLE `support`
  ADD PRIMARY KEY (`spt_id`);

--
-- Indexes for table `users`
--
ALTER TABLE `users`
  ADD PRIMARY KEY (`user_id`),
  ADD KEY `fk_emp_in_user` (`emp_id`),
  ADD KEY `fk_dept_in_user` (`dept_id`);

--
-- AUTO_INCREMENT for dumped tables
--

--
-- AUTO_INCREMENT for table `allowances`
--
ALTER TABLE `allowances`
  MODIFY `alw_id` int(11) NOT NULL AUTO_INCREMENT, AUTO_INCREMENT=26;

--
-- AUTO_INCREMENT for table `announcements`
--
ALTER TABLE `announcements`
  MODIFY `announce_id` int(11) NOT NULL AUTO_INCREMENT, AUTO_INCREMENT=5;

--
-- AUTO_INCREMENT for table `attendance`
--
ALTER TABLE `attendance`
  MODIFY `attend_id` int(11) NOT NULL AUTO_INCREMENT, AUTO_INCREMENT=311;

--
-- AUTO_INCREMENT for table `deductions`
--
ALTER TABLE `deductions`
  MODIFY `ded_id` int(11) NOT NULL AUTO_INCREMENT, AUTO_INCREMENT=26;

--
-- AUTO_INCREMENT for table `departments`
--
ALTER TABLE `departments`
  MODIFY `dept_id` int(11) NOT NULL AUTO_INCREMENT, AUTO_INCREMENT=6;

--
-- AUTO_INCREMENT for table `employees`
--
ALTER TABLE `employees`
  MODIFY `emp_id` int(11) NOT NULL AUTO_INCREMENT, AUTO_INCREMENT=26;

--
-- AUTO_INCREMENT for table `positions`
--
ALTER TABLE `positions`
  MODIFY `pos_id` int(11) NOT NULL AUTO_INCREMENT, AUTO_INCREMENT=12;

--
-- AUTO_INCREMENT for table `salaries`
--
ALTER TABLE `salaries`
  MODIFY `sal_id` int(11) NOT NULL AUTO_INCREMENT, AUTO_INCREMENT=11;

--
-- AUTO_INCREMENT for table `support`
--
ALTER TABLE `support`
  MODIFY `spt_id` int(11) NOT NULL AUTO_INCREMENT, AUTO_INCREMENT=4;

--
-- AUTO_INCREMENT for table `users`
--
ALTER TABLE `users`
  MODIFY `user_id` int(11) NOT NULL AUTO_INCREMENT, AUTO_INCREMENT=23;

--
-- Constraints for dumped tables
--

--
-- Constraints for table `allowances`
--
ALTER TABLE `allowances`
  ADD CONSTRAINT `fk_emp_in_alw` FOREIGN KEY (`emp_id`) REFERENCES `employees` (`emp_id`) ON DELETE SET NULL;

--
-- Constraints for table `attendance`
--
ALTER TABLE `attendance`
  ADD CONSTRAINT `fk_emp_in_attend` FOREIGN KEY (`emp_id`) REFERENCES `employees` (`emp_id`) ON DELETE SET NULL;

--
-- Constraints for table `deductions`
--
ALTER TABLE `deductions`
  ADD CONSTRAINT `fk_emp_in_ded` FOREIGN KEY (`emp_id`) REFERENCES `employees` (`emp_id`) ON DELETE SET NULL;

--
-- Constraints for table `employees`
--
ALTER TABLE `employees`
  ADD CONSTRAINT `fk_pos_in_emp` FOREIGN KEY (`pos_id`) REFERENCES `positions` (`pos_id`) ON DELETE CASCADE;

--
-- Constraints for table `positions`
--
ALTER TABLE `positions`
  ADD CONSTRAINT `fk_positons` FOREIGN KEY (`dept_id`) REFERENCES `departments` (`dept_id`) ON DELETE CASCADE;

--
-- Constraints for table `salaries`
--
ALTER TABLE `salaries`
  ADD CONSTRAINT `fk_pos_in_sal` FOREIGN KEY (`pos_id`) REFERENCES `positions` (`pos_id`) ON DELETE CASCADE;

--
-- Constraints for table `users`
--
ALTER TABLE `users`
  ADD CONSTRAINT `fk_dept_in_user` FOREIGN KEY (`dept_id`) REFERENCES `departments` (`dept_id`) ON DELETE CASCADE,
  ADD CONSTRAINT `fk_emp_in_user` FOREIGN KEY (`emp_id`) REFERENCES `employees` (`emp_id`) ON DELETE CASCADE;
COMMIT;

/*!40101 SET CHARACTER_SET_CLIENT=@OLD_CHARACTER_SET_CLIENT */;
/*!40101 SET CHARACTER_SET_RESULTS=@OLD_CHARACTER_SET_RESULTS */;
/*!40101 SET COLLATION_CONNECTION=@OLD_COLLATION_CONNECTION */;
